timestamp, name, memory.used [MiB], memory.total [MiB], temperature.gpu, power.draw [W], utilization.gpu [%]
2026/09/25 08:10:18.143, NVIDIA GeForce RTX 5090 Laptop GPU, 1566 MiB, 24463 MiB, 56, 21.82 W, 0 %
2026/09/25 08:10:18.651, NVIDIA GeForce RTX 5090 Laptop GPU, 1571 MiB, 24463 MiB, 56, 19.51 W, 1 %
2026/09/25 08:10:19.154, NVIDIA GeForce RTX 5090 Laptop GPU, 1587 MiB, 24463 MiB, 56, 22.71 W, 1 %
2026/09/25 08:10:19.657, NVIDIA GeForce RTX 5090 Laptop GPU, 4777 MiB, 24463 MiB, 58, 19.09 W, 9 %
2026/09/25 08:10:20.164, NVIDIA GeForce RTX 5090 Laptop GPU, 5065 MiB, 24463 MiB, 56, 21.54 W, 6 %
2026/09/25 08:10:20.665, NVIDIA GeForce RTX 5090 Laptop GPU, 5065 MiB, 24463 MiB, 56, 21.57 W, 10 %
2026/09/25 08:10:21.167, NVIDIA GeForce RTX 5090 Laptop GPU, 5065 MiB, 24463 MiB, 56, 20.52 W, 10 %
2026/09/25 08:10:21.669, NVIDIA GeForce RTX 5090 Laptop GPU, 5065 MiB, 24463 MiB, 56, 20.30 W, 23 %
2026/09/25 08:10:22.173, NVIDIA GeForce RTX 5090 Laptop GPU, 5065 MiB, 24463 MiB, 56, 22.71 W, 19 %
2026/09/25 08:10:22.674, NVIDIA GeForce RTX 5090 Laptop GPU, 5065 MiB, 24463 MiB, 56, 20.08 W, 10 %
2026/09/25 08:10:23.177, NVIDIA GeForce RTX 5090 Laptop GPU, 5065 MiB, 24463 MiB, 56, 20.29 W, 10 %
2026/09/25 08:10:23.678, NVIDIA GeForce RTX 5090 Laptop GPU, 5065 MiB, 24463 MiB, 56, 22.92 W, 9 %
2026/09/25 08:10:24.180, NVIDIA GeForce RTX 5090 Laptop GPU, 5065 MiB, 24463 MiB, 56, 21.42 W, 8 %
2026/09/25 08:10:24.682, NVIDIA GeForce RTX 5090 Laptop GPU, 14184 MiB, 24463 MiB, 56, 35.34 W, 29 %
2026/09/25 08:10:25.184, NVIDIA GeForce RTX 5090 Laptop GPU, 15346 MiB, 24463 MiB, 58, 34.53 W, 12 %
2026/09/25 08:10:25.685, NVIDIA GeForce RTX 5090 Laptop GPU, 15346 MiB, 24463 MiB, 57, 23.13 W, 11 %
2026/09/25 08:10:26.187, NVIDIA GeForce RTX 5090 Laptop GPU, 15346 MiB, 24463 MiB, 56, 18.90 W, 8 %
2026/09/25 08:10:26.689, NVIDIA GeForce RTX 5090 Laptop GPU, 15346 MiB, 24463 MiB, 56, 22.56 W, 12 %
2026/09/25 08:10:27.191, NVIDIA GeForce RTX 5090 Laptop GPU, 15346 MiB, 24463 MiB, 56, 20.94 W, 8 %
2026/09/25 08:10:27.693, NVIDIA GeForce RTX 5090 Laptop GPU, 15346 MiB, 24463 MiB, 56, 17.27 W, 8 %
2026/09/25 08:10:28.195, NVIDIA GeForce RTX 5090 Laptop GPU, 15346 MiB, 24463 MiB, 56, 31.36 W, 40 %
2026/09/25 08:10:28.703, NVIDIA GeForce RTX 5090 Laptop GPU, 15342 MiB, 24463 MiB, 56, 34.43 W, 38 %
2026/09/25 08:10:29.204, NVIDIA GeForce RTX 5090 Laptop GPU, 15342 MiB, 24463 MiB, 57, 27.81 W, 88 %
2026/09/25 08:10:29.706, NVIDIA GeForce RTX 5090 Laptop GPU, 15342 MiB, 24463 MiB, 57, 30.56 W, 57 %
2026/09/25 08:10:30.207, NVIDIA GeForce RTX 5090 Laptop GPU, 15342 MiB, 24463 MiB, 57, 25.92 W, 39 %
2026/09/25 08:10:30.709, NVIDIA GeForce RTX 5090 Laptop GPU, 15342 MiB, 24463 MiB, 57, 25.89 W, 14 %
2026/09/25 08:10:31.211, NVIDIA GeForce RTX 5090 Laptop GPU, 15333 MiB, 24463 MiB, 57, 40.60 W, 15 %
2026/09/25 08:10:31.712, NVIDIA GeForce RTX 5090 Laptop GPU, 15333 MiB, 24463 MiB, 57, 22.87 W, 1 %
2026/09/25 08:10:32.214, NVIDIA GeForce RTX 5090 Laptop GPU, 15669 MiB, 24463 MiB, 57, 22.01 W, 27 %
2026/09/25 08:10:32.716, NVIDIA GeForce RTX 5090 Laptop GPU, 15669 MiB, 24463 MiB, 57, 22.19 W, 30 %
2026/09/25 08:10:33.218, NVIDIA GeForce RTX 5090 Laptop GPU, 15669 MiB, 24463 MiB, 57, 24.48 W, 31 %
2026/09/25 08:10:33.719, NVIDIA GeForce RTX 5090 Laptop GPU, 15669 MiB, 24463 MiB, 57, 22.21 W, 53 %
2026/09/25 08:10:34.222, NVIDIA GeForce RTX 5090 Laptop GPU, 15669 MiB, 24463 MiB, 57, 25.48 W, 79 %
2026/09/25 08:10:34.724, NVIDIA GeForce RTX 5090 Laptop GPU, 15669 MiB, 24463 MiB, 57, 32.60 W, 77 %
2026/09/25 08:10:35.225, NVIDIA GeForce RTX 5090 Laptop GPU, 15669 MiB, 24463 MiB, 57, 20.85 W, 1 %
2026/09/25 08:10:35.727, NVIDIA GeForce RTX 5090 Laptop GPU, 13693 MiB, 24463 MiB, 57, 20.65 W, 1 %
2026/09/25 08:10:36.232, NVIDIA GeForce RTX 5090 Laptop GPU, 13693 MiB, 24463 MiB, 56, 23.81 W, 1 %
2026/09/25 08:10:36.734, NVIDIA GeForce RTX 5090 Laptop GPU, 13693 MiB, 24463 MiB, 57, 23.55 W, 1 %
2026/09/25 08:10:37.236, NVIDIA GeForce RTX 5090 Laptop GPU, 13793 MiB, 24463 MiB, 57, 23.43 W, 2 %
2026/09/25 08:10:37.737, NVIDIA GeForce RTX 5090 Laptop GPU, 15975 MiB, 24463 MiB, 57, 30.88 W, 2 %
2026/09/25 08:10:38.239, NVIDIA GeForce RTX 5090 Laptop GPU, 15977 MiB, 24463 MiB, 61, 30.78 W, 94 %
2026/09/25 08:10:38.741, NVIDIA GeForce RTX 5090 Laptop GPU, 15979 MiB, 24463 MiB, 58, 67.12 W, 86 %
2026/09/25 08:10:39.243, NVIDIA GeForce RTX 5090 Laptop GPU, 15979 MiB, 24463 MiB, 60, 99.44 W, 100 %
2026/09/25 08:10:39.744, NVIDIA GeForce RTX 5090 Laptop GPU, 15979 MiB, 24463 MiB, 59, 29.11 W, 1 %
2026/09/25 08:10:40.246, NVIDIA GeForce RTX 5090 Laptop GPU, 14917 MiB, 24463 MiB, 58, 30.40 W, 1 %
2026/09/25 08:10:40.747, NVIDIA GeForce RTX 5090 Laptop GPU, 14917 MiB, 24463 MiB, 58, 29.04 W, 1 %
2026/09/25 08:10:41.255, NVIDIA GeForce RTX 5090 Laptop GPU, 14917 MiB, 24463 MiB, 58, 19.76 W, 1 %
2026/09/25 08:10:41.766, NVIDIA GeForce RTX 5090 Laptop GPU, 15109 MiB, 24463 MiB, 57, 40.77 W, 84 %
2026/09/25 08:10:42.268, NVIDIA GeForce RTX 5090 Laptop GPU, 15111 MiB, 24463 MiB, 58, 22.40 W, 0 %
2026/09/25 08:10:42.770, NVIDIA GeForce RTX 5090 Laptop GPU, 15111 MiB, 24463 MiB, 58, 23.20 W, 0 %
2026/09/25 08:10:43.272, NVIDIA GeForce RTX 5090 Laptop GPU, 15111 MiB, 24463 MiB, 58, 26.90 W, 2 %
2026/09/25 08:10:43.774, NVIDIA GeForce RTX 5090 Laptop GPU, 15111 MiB, 24463 MiB, 58, 20.24 W, 1 %
2026/09/25 08:10:44.275, NVIDIA GeForce RTX 5090 Laptop GPU, 15111 MiB, 24463 MiB, 57, 17.97 W, 0 %
2026/09/25 08:10:44.777, NVIDIA GeForce RTX 5090 Laptop GPU, 15111 MiB, 24463 MiB, 57, 19.87 W, 1 %
2026/09/25 08:10:45.285, NVIDIA GeForce RTX 5090 Laptop GPU, 15111 MiB, 24463 MiB, 57, 19.51 W, 0 %
2026/09/25 08:10:45.786, NVIDIA GeForce RTX 5090 Laptop GPU, 15111 MiB, 24463 MiB, 57, 17.94 W, 0 %
2026/09/25 08:10:46.289, NVIDIA GeForce RTX 5090 Laptop GPU, 15111 MiB, 24463 MiB, 57, 20.11 W, 1 %
2026/09/25 08:10:46.791, NVIDIA GeForce RTX 5090 Laptop GPU, 15111 MiB, 24463 MiB, 57, 17.08 W, 0 %
2026/09/25 08:10:47.294, NVIDIA GeForce RTX 5090 Laptop GPU, 15111 MiB, 24463 MiB, 57, 20.38 W, 1 %
2026/09/25 08:10:47.795, NVIDIA GeForce RTX 5090 Laptop GPU, 15111 MiB, 24463 MiB, 57, 21.61 W, 1 %
2026/09/25 08:10:48.298, NVIDIA GeForce RTX 5090 Laptop GPU, 15111 MiB, 24463 MiB, 57, 19.79 W, 0 %
2026/09/25 08:10:48.800, NVIDIA GeForce RTX 5090 Laptop GPU, 15111 MiB, 24463 MiB, 57, 22.29 W, 0 %
2026/09/25 08:10:49.303, NVIDIA GeForce RTX 5090 Laptop GPU, 15111 MiB, 24463 MiB, 57, 21.71 W, 2 %
2026/09/25 08:10:49.804, NVIDIA GeForce RTX 5090 Laptop GPU, 15111 MiB, 24463 MiB, 57, 21.23 W, 1 %
2026/09/25 08:10:50.306, NVIDIA GeForce RTX 5090 Laptop GPU, 15111 MiB, 24463 MiB, 57, 19.58 W, 0 %
2026/09/25 08:10:50.810, NVIDIA GeForce RTX 5090 Laptop GPU, 15111 MiB, 24463 MiB, 57, 17.77 W, 2 %
2026/09/25 08:10:51.313, NVIDIA GeForce RTX 5090 Laptop GPU, 15111 MiB, 24463 MiB, 57, 18.58 W, 0 %
2026/09/25 08:10:51.815, NVIDIA GeForce RTX 5090 Laptop GPU, 15111 MiB, 24463 MiB, 57, 12.62 W, 0 %
2026/09/25 08:10:52.318, NVIDIA GeForce RTX 5090 Laptop GPU, 15111 MiB, 24463 MiB, 57, 14.30 W, 3 %
2026/09/25 08:10:52.821, NVIDIA GeForce RTX 5090 Laptop GPU, 15366 MiB, 24463 MiB, 57, 22.96 W, 3 %
2026/09/25 08:10:53.322, NVIDIA GeForce RTX 5090 Laptop GPU, 15432 MiB, 24463 MiB, 58, 19.27 W, 0 %
2026/09/25 08:10:53.824, NVIDIA GeForce RTX 5090 Laptop GPU, 15432 MiB, 24463 MiB, 57, 19.07 W, 1 %
2026/09/25 08:10:54.326, NVIDIA GeForce RTX 5090 Laptop GPU, 15432 MiB, 24463 MiB, 57, 21.97 W, 1 %
2026/09/25 08:10:54.828, NVIDIA GeForce RTX 5090 Laptop GPU, 15432 MiB, 24463 MiB, 57, 19.27 W, 0 %
2026/09/25 08:10:55.330, NVIDIA GeForce RTX 5090 Laptop GPU, 15432 MiB, 24463 MiB, 57, 19.22 W, 1 %
2026/09/25 08:10:55.832, NVIDIA GeForce RTX 5090 Laptop GPU, 15432 MiB, 24463 MiB, 57, 21.22 W, 2 %
2026/09/25 08:10:56.338, NVIDIA GeForce RTX 5090 Laptop GPU, 15432 MiB, 24463 MiB, 57, 19.76 W, 0 %
2026/09/25 08:10:56.840, NVIDIA GeForce RTX 5090 Laptop GPU, 15432 MiB, 24463 MiB, 57, 19.16 W, 0 %
2026/09/25 08:10:57.341, NVIDIA GeForce RTX 5090 Laptop GPU, 15432 MiB, 24463 MiB, 57, 20.34 W, 1 %
2026/09/25 08:10:57.843, NVIDIA GeForce RTX 5090 Laptop GPU, 15432 MiB, 24463 MiB, 57, 20.73 W, 0 %
2026/09/25 08:10:58.347, NVIDIA GeForce RTX 5090 Laptop GPU, 15432 MiB, 24463 MiB, 57, 19.04 W, 0 %
2026/09/25 08:10:58.852, NVIDIA GeForce RTX 5090 Laptop GPU, 15432 MiB, 24463 MiB, 57, 19.82 W, 1 %
2026/09/25 08:10:59.354, NVIDIA GeForce RTX 5090 Laptop GPU, 15432 MiB, 24463 MiB, 57, 20.12 W, 1 %
2026/09/25 08:10:59.858, NVIDIA GeForce RTX 5090 Laptop GPU, 15432 MiB, 24463 MiB, 57, 17.48 W, 0 %
2026/09/25 08:11:00.360, NVIDIA GeForce RTX 5090 Laptop GPU, 15432 MiB, 24463 MiB, 57, 18.96 W, 1 %
2026/09/25 08:11:00.863, NVIDIA GeForce RTX 5090 Laptop GPU, 15432 MiB, 24463 MiB, 57, 18.05 W, 2 %
2026/09/25 08:11:01.364, NVIDIA GeForce RTX 5090 Laptop GPU, 15432 MiB, 24463 MiB, 57, 18.25 W, 0 %
2026/09/25 08:11:01.866, NVIDIA GeForce RTX 5090 Laptop GPU, 15432 MiB, 24463 MiB, 57, 19.22 W, 1 %
2026/09/25 08:11:02.368, NVIDIA GeForce RTX 5090 Laptop GPU, 15432 MiB, 24463 MiB, 57, 21.56 W, 1 %
2026/09/25 08:11:02.870, NVIDIA GeForce RTX 5090 Laptop GPU, 15432 MiB, 24463 MiB, 57, 19.27 W, 0 %
2026/09/25 08:11:03.372, NVIDIA GeForce RTX 5090 Laptop GPU, 15502 MiB, 24463 MiB, 57, 22.08 W, 1 %
2026/09/25 08:11:03.873, NVIDIA GeForce RTX 5090 Laptop GPU, 15542 MiB, 24463 MiB, 57, 21.75 W, 2 %
2026/09/25 08:11:04.375, NVIDIA GeForce RTX 5090 Laptop GPU, 16370 MiB, 24463 MiB, 57, 26.87 W, 11 %
2026/09/25 08:11:04.877, NVIDIA GeForce RTX 5090 Laptop GPU, 16370 MiB, 24463 MiB, 58, 17.31 W, 0 %
2026/09/25 08:11:05.378, NVIDIA GeForce RTX 5090 Laptop GPU, 16144 MiB, 24463 MiB, 57, 17.63 W, 2 %
2026/09/25 08:11:05.883, NVIDIA GeForce RTX 5090 Laptop GPU, 16188 MiB, 24463 MiB, 57, 27.21 W, 0 %
2026/09/25 08:11:06.386, NVIDIA GeForce RTX 5090 Laptop GPU, 16192 MiB, 24463 MiB, 58, 25.48 W, 2 %
2026/09/25 08:11:06.887, NVIDIA GeForce RTX 5090 Laptop GPU, 16448 MiB, 24463 MiB, 57, 19.63 W, 1 %
2026/09/25 08:11:07.389, NVIDIA GeForce RTX 5090 Laptop GPU, 16448 MiB, 24463 MiB, 57, 20.35 W, 2 %
2026/09/25 08:11:07.891, NVIDIA GeForce RTX 5090 Laptop GPU, 16448 MiB, 24463 MiB, 57, 19.17 W, 0 %
2026/09/25 08:11:08.393, NVIDIA GeForce RTX 5090 Laptop GPU, 16448 MiB, 24463 MiB, 57, 20.16 W, 0 %
2026/09/25 08:11:08.895, NVIDIA GeForce RTX 5090 Laptop GPU, 16448 MiB, 24463 MiB, 57, 22.06 W, 1 %
2026/09/25 08:11:09.398, NVIDIA GeForce RTX 5090 Laptop GPU, 16448 MiB, 24463 MiB, 57, 19.19 W, 0 %
2026/09/25 08:11:09.899, NVIDIA GeForce RTX 5090 Laptop GPU, 16448 MiB, 24463 MiB, 57, 16.91 W, 1 %
2026/09/25 08:11:10.402, NVIDIA GeForce RTX 5090 Laptop GPU, 16448 MiB, 24463 MiB, 57, 18.86 W, 2 %
2026/09/25 08:11:10.904, NVIDIA GeForce RTX 5090 Laptop GPU, 16448 MiB, 24463 MiB, 57, 12.55 W, 0 %
2026/09/25 08:11:11.406, NVIDIA GeForce RTX 5090 Laptop GPU, 16448 MiB, 24463 MiB, 57, 20.41 W, 0 %
2026/09/25 08:11:11.907, NVIDIA GeForce RTX 5090 Laptop GPU, 16448 MiB, 24463 MiB, 57, 22.05 W, 2 %
2026/09/25 08:11:12.409, NVIDIA GeForce RTX 5090 Laptop GPU, 16448 MiB, 24463 MiB, 57, 21.03 W, 0 %
2026/09/25 08:11:12.911, NVIDIA GeForce RTX 5090 Laptop GPU, 16448 MiB, 24463 MiB, 57, 19.18 W, 0 %
2026/09/25 08:11:13.412, NVIDIA GeForce RTX 5090 Laptop GPU, 16448 MiB, 24463 MiB, 57, 21.87 W, 1 %
2026/09/25 08:11:13.913, NVIDIA GeForce RTX 5090 Laptop GPU, 16448 MiB, 24463 MiB, 57, 21.67 W, 0 %
2026/09/25 08:11:14.415, NVIDIA GeForce RTX 5090 Laptop GPU, 16448 MiB, 24463 MiB, 57, 19.77 W, 0 %
2026/09/25 08:11:14.917, NVIDIA GeForce RTX 5090 Laptop GPU, 16448 MiB, 24463 MiB, 57, 19.66 W, 3 %
2026/09/25 08:11:15.419, NVIDIA GeForce RTX 5090 Laptop GPU, 16448 MiB, 24463 MiB, 57, 20.54 W, 2 %
2026/09/25 08:11:15.921, NVIDIA GeForce RTX 5090 Laptop GPU, 16448 MiB, 24463 MiB, 57, 12.90 W, 0 %
2026/09/25 08:11:16.423, NVIDIA GeForce RTX 5090 Laptop GPU, 16448 MiB, 24463 MiB, 57, 19.99 W, 1 %
2026/09/25 08:11:16.932, NVIDIA GeForce RTX 5090 Laptop GPU, 16448 MiB, 24463 MiB, 57, 21.65 W, 1 %
2026/09/25 08:11:17.434, NVIDIA GeForce RTX 5090 Laptop GPU, 16448 MiB, 24463 MiB, 57, 19.39 W, 0 %
2026/09/25 08:11:17.936, NVIDIA GeForce RTX 5090 Laptop GPU, 16448 MiB, 24463 MiB, 57, 21.46 W, 1 %
2026/09/25 08:11:18.438, NVIDIA GeForce RTX 5090 Laptop GPU, 16448 MiB, 24463 MiB, 57, 21.74 W, 1 %
2026/09/25 08:11:18.939, NVIDIA GeForce RTX 5090 Laptop GPU, 16448 MiB, 24463 MiB, 57, 21.76 W, 1 %
2026/09/25 08:11:19.457, NVIDIA GeForce RTX 5090 Laptop GPU, 16448 MiB, 24463 MiB, 57, 19.04 W, 0 %
2026/09/25 08:11:19.960, NVIDIA GeForce RTX 5090 Laptop GPU, 16448 MiB, 24463 MiB, 57, 19.73 W, 2 %
2026/09/25 08:11:20.461, NVIDIA GeForce RTX 5090 Laptop GPU, 16456 MiB, 24463 MiB, 57, 14.56 W, 0 %
2026/09/25 08:11:20.964, NVIDIA GeForce RTX 5090 Laptop GPU, 16801 MiB, 24463 MiB, 57, 22.46 W, 0 %
2026/09/25 08:11:21.466, NVIDIA GeForce RTX 5090 Laptop GPU, 16801 MiB, 24463 MiB, 58, 21.45 W, 1 %
2026/09/25 08:11:21.973, NVIDIA GeForce RTX 5090 Laptop GPU, 16801 MiB, 24463 MiB, 57, 19.14 W, 0 %
2026/09/25 08:11:22.475, NVIDIA GeForce RTX 5090 Laptop GPU, 16801 MiB, 24463 MiB, 58, 20.78 W, 1 %
2026/09/25 08:11:22.978, NVIDIA GeForce RTX 5090 Laptop GPU, 17313 MiB, 24463 MiB, 58, 21.85 W, 19 %
2026/09/25 08:11:23.480, NVIDIA GeForce RTX 5090 Laptop GPU, 17313 MiB, 24463 MiB, 58, 21.81 W, 0 %
2026/09/25 08:11:23.982, NVIDIA GeForce RTX 5090 Laptop GPU, 17313 MiB, 24463 MiB, 58, 22.21 W, 1 %
2026/09/25 08:11:24.484, NVIDIA GeForce RTX 5090 Laptop GPU, 17313 MiB, 24463 MiB, 58, 21.90 W, 0 %
2026/09/25 08:11:24.985, NVIDIA GeForce RTX 5090 Laptop GPU, 17326 MiB, 24463 MiB, 58, 19.53 W, 0 %
2026/09/25 08:11:25.487, NVIDIA GeForce RTX 5090 Laptop GPU, 17326 MiB, 24463 MiB, 58, 21.55 W, 1 %
2026/09/25 08:11:25.989, NVIDIA GeForce RTX 5090 Laptop GPU, 17326 MiB, 24463 MiB, 58, 21.18 W, 1 %
2026/09/25 08:11:26.490, NVIDIA GeForce RTX 5090 Laptop GPU, 17326 MiB, 24463 MiB, 58, 19.43 W, 0 %
2026/09/25 08:11:26.992, NVIDIA GeForce RTX 5090 Laptop GPU, 17326 MiB, 24463 MiB, 58, 20.23 W, 1 %
2026/09/25 08:11:27.496, NVIDIA GeForce RTX 5090 Laptop GPU, 17326 MiB, 24463 MiB, 58, 21.26 W, 1 %
2026/09/25 08:11:27.998, NVIDIA GeForce RTX 5090 Laptop GPU, 18052 MiB, 24463 MiB, 58, 38.53 W, 58 %
2026/09/25 08:11:28.500, NVIDIA GeForce RTX 5090 Laptop GPU, 20072 MiB, 24463 MiB, 58, 23.62 W, 77 %
2026/09/25 08:11:29.004, NVIDIA GeForce RTX 5090 Laptop GPU, 20202 MiB, 24463 MiB, 58, 34.19 W, 4 %
2026/09/25 08:11:29.505, NVIDIA GeForce RTX 5090 Laptop GPU, 21502 MiB, 24463 MiB, 58, 34.66 W, 3 %
2026/09/25 08:11:30.007, NVIDIA GeForce RTX 5090 Laptop GPU, 20790 MiB, 24463 MiB, 59, 36.69 W, 8 %
2026/09/25 08:11:30.509, NVIDIA GeForce RTX 5090 Laptop GPU, 22088 MiB, 24463 MiB, 58, 35.46 W, 6 %
2026/09/25 08:11:31.011, NVIDIA GeForce RTX 5090 Laptop GPU, 22088 MiB, 24463 MiB, 58, 18.00 W, 0 %
2026/09/25 08:11:31.513, NVIDIA GeForce RTX 5090 Laptop GPU, 22079 MiB, 24463 MiB, 58, 18.26 W, 1 %
2026/09/25 08:11:32.015, NVIDIA GeForce RTX 5090 Laptop GPU, 22079 MiB, 24463 MiB, 58, 19.99 W, 1 %
2026/09/25 08:11:32.517, NVIDIA GeForce RTX 5090 Laptop GPU, 22079 MiB, 24463 MiB, 58, 18.79 W, 0 %
2026/09/25 08:11:33.019, NVIDIA GeForce RTX 5090 Laptop GPU, 22079 MiB, 24463 MiB, 58, 19.93 W, 0 %
2026/09/25 08:11:33.521, NVIDIA GeForce RTX 5090 Laptop GPU, 22079 MiB, 24463 MiB, 58, 21.42 W, 2 %
2026/09/25 08:11:34.023, NVIDIA GeForce RTX 5090 Laptop GPU, 22079 MiB, 24463 MiB, 58, 22.83 W, 1 %
2026/09/25 08:11:34.526, NVIDIA GeForce RTX 5090 Laptop GPU, 22079 MiB, 24463 MiB, 58, 19.75 W, 0 %
2026/09/25 08:11:35.028, NVIDIA GeForce RTX 5090 Laptop GPU, 22079 MiB, 24463 MiB, 58, 21.45 W, 1 %
2026/09/25 08:11:35.530, NVIDIA GeForce RTX 5090 Laptop GPU, 22079 MiB, 24463 MiB, 58, 23.01 W, 0 %
2026/09/25 08:11:36.032, NVIDIA GeForce RTX 5090 Laptop GPU, 22079 MiB, 24463 MiB, 58, 17.21 W, 0 %
2026/09/25 08:11:36.534, NVIDIA GeForce RTX 5090 Laptop GPU, 22079 MiB, 24463 MiB, 58, 14.16 W, 2 %
2026/09/25 08:11:37.037, NVIDIA GeForce RTX 5090 Laptop GPU, 22079 MiB, 24463 MiB, 58, 16.02 W, 4 %
2026/09/25 08:11:37.539, NVIDIA GeForce RTX 5090 Laptop GPU, 22079 MiB, 24463 MiB, 58, 12.86 W, 0 %
2026/09/25 08:11:38.057, NVIDIA GeForce RTX 5090 Laptop GPU, 22079 MiB, 24463 MiB, 58, 13.10 W, 2 %
2026/09/25 08:11:38.560, NVIDIA GeForce RTX 5090 Laptop GPU, 22079 MiB, 24463 MiB, 58, 15.74 W, 3 %
2026/09/25 08:11:39.062, NVIDIA GeForce RTX 5090 Laptop GPU, 22079 MiB, 24463 MiB, 58, 15.06 W, 0 %
2026/09/25 08:11:39.564, NVIDIA GeForce RTX 5090 Laptop GPU, 22079 MiB, 24463 MiB, 58, 19.08 W, 0 %
2026/09/25 08:11:40.066, NVIDIA GeForce RTX 5090 Laptop GPU, 22079 MiB, 24463 MiB, 58, 21.82 W, 2 %
2026/09/25 08:11:40.573, NVIDIA GeForce RTX 5090 Laptop GPU, 22079 MiB, 24463 MiB, 58, 20.88 W, 1 %
2026/09/25 08:11:41.075, NVIDIA GeForce RTX 5090 Laptop GPU, 22079 MiB, 24463 MiB, 58, 19.70 W, 0 %
2026/09/25 08:11:41.577, NVIDIA GeForce RTX 5090 Laptop GPU, 22079 MiB, 24463 MiB, 58, 21.84 W, 1 %
2026/09/25 08:11:42.079, NVIDIA GeForce RTX 5090 Laptop GPU, 22079 MiB, 24463 MiB, 58, 19.36 W, 0 %
2026/09/25 08:11:42.580, NVIDIA GeForce RTX 5090 Laptop GPU, 22079 MiB, 24463 MiB, 58, 21.09 W, 1 %
2026/09/25 08:11:43.082, NVIDIA GeForce RTX 5090 Laptop GPU, 22079 MiB, 24463 MiB, 58, 14.78 W, 0 %
2026/09/25 08:11:43.585, NVIDIA GeForce RTX 5090 Laptop GPU, 22079 MiB, 24463 MiB, 58, 12.96 W, 0 %
2026/09/25 08:11:44.087, NVIDIA GeForce RTX 5090 Laptop GPU, 22079 MiB, 24463 MiB, 58, 12.12 W, 2 %
2026/09/25 08:11:44.590, NVIDIA GeForce RTX 5090 Laptop GPU, 22079 MiB, 24463 MiB, 57, 15.08 W, 2 %
2026/09/25 08:11:45.092, NVIDIA GeForce RTX 5090 Laptop GPU, 22079 MiB, 24463 MiB, 58, 19.32 W, 0 %
2026/09/25 08:11:45.594, NVIDIA GeForce RTX 5090 Laptop GPU, 22079 MiB, 24463 MiB, 58, 21.28 W, 0 %
2026/09/25 08:11:46.096, NVIDIA GeForce RTX 5090 Laptop GPU, 22079 MiB, 24463 MiB, 58, 21.88 W, 1 %
2026/09/25 08:11:46.600, NVIDIA GeForce RTX 5090 Laptop GPU, 22079 MiB, 24463 MiB, 58, 19.39 W, 0 %
2026/09/25 08:11:47.101, NVIDIA GeForce RTX 5090 Laptop GPU, 22079 MiB, 24463 MiB, 58, 20.43 W, 1 %
2026/09/25 08:11:47.603, NVIDIA GeForce RTX 5090 Laptop GPU, 22079 MiB, 24463 MiB, 58, 20.67 W, 2 %
2026/09/25 08:11:48.106, NVIDIA GeForce RTX 5090 Laptop GPU, 22079 MiB, 24463 MiB, 57, 17.35 W, 0 %
2026/09/25 08:11:48.608, NVIDIA GeForce RTX 5090 Laptop GPU, 22079 MiB, 24463 MiB, 58, 12.85 W, 0 %
2026/09/25 08:11:49.111, NVIDIA GeForce RTX 5090 Laptop GPU, 22079 MiB, 24463 MiB, 57, 14.47 W, 3 %
2026/09/25 08:11:49.614, NVIDIA GeForce RTX 5090 Laptop GPU, 22079 MiB, 24463 MiB, 57, 15.31 W, 2 %
2026/09/25 08:11:50.116, NVIDIA GeForce RTX 5090 Laptop GPU, 22079 MiB, 24463 MiB, 58, 19.28 W, 1 %
2026/09/25 08:11:50.618, NVIDIA GeForce RTX 5090 Laptop GPU, 22079 MiB, 24463 MiB, 58, 20.58 W, 1 %
2026/09/25 08:11:51.120, NVIDIA GeForce RTX 5090 Laptop GPU, 22083 MiB, 24463 MiB, 59, 37.74 W, 54 %
2026/09/25 08:11:51.621, NVIDIA GeForce RTX 5090 Laptop GPU, 22083 MiB, 24463 MiB, 58, 36.30 W, 13 %
2026/09/25 08:11:52.123, NVIDIA GeForce RTX 5090 Laptop GPU, 22083 MiB, 24463 MiB, 58, 45.97 W, 38 %
2026/09/25 08:11:52.625, NVIDIA GeForce RTX 5090 Laptop GPU, 22083 MiB, 24463 MiB, 59, 55.72 W, 90 %
2026/09/25 08:11:53.127, NVIDIA GeForce RTX 5090 Laptop GPU, 22083 MiB, 24463 MiB, 59, 51.83 W, 88 %
2026/09/25 08:11:53.628, NVIDIA GeForce RTX 5090 Laptop GPU, 22083 MiB, 24463 MiB, 60, 53.25 W, 90 %
2026/09/25 08:11:54.130, NVIDIA GeForce RTX 5090 Laptop GPU, 22083 MiB, 24463 MiB, 59, 43.24 W, 35 %
2026/09/25 08:11:54.632, NVIDIA GeForce RTX 5090 Laptop GPU, 22083 MiB, 24463 MiB, 59, 36.34 W, 90 %
2026/09/25 08:11:55.134, NVIDIA GeForce RTX 5090 Laptop GPU, 22083 MiB, 24463 MiB, 59, 38.65 W, 91 %
2026/09/25 08:11:55.636, NVIDIA GeForce RTX 5090 Laptop GPU, 22083 MiB, 24463 MiB, 59, 40.12 W, 94 %
2026/09/25 08:11:56.138, NVIDIA GeForce RTX 5090 Laptop GPU, 22083 MiB, 24463 MiB, 59, 39.85 W, 88 %
2026/09/25 08:11:56.640, NVIDIA GeForce RTX 5090 Laptop GPU, 22083 MiB, 24463 MiB, 59, 41.20 W, 88 %
2026/09/25 08:11:57.142, NVIDIA GeForce RTX 5090 Laptop GPU, 22083 MiB, 24463 MiB, 59, 38.88 W, 92 %
2026/09/25 08:11:57.645, NVIDIA GeForce RTX 5090 Laptop GPU, 22083 MiB, 24463 MiB, 59, 39.41 W, 90 %
2026/09/25 08:11:58.147, NVIDIA GeForce RTX 5090 Laptop GPU, 22083 MiB, 24463 MiB, 60, 43.55 W, 91 %
2026/09/25 08:11:58.655, NVIDIA GeForce RTX 5090 Laptop GPU, 22083 MiB, 24463 MiB, 60, 42.20 W, 90 %
2026/09/25 08:11:59.157, NVIDIA GeForce RTX 5090 Laptop GPU, 22083 MiB, 24463 MiB, 60, 39.58 W, 91 %
2026/09/25 08:11:59.659, NVIDIA GeForce RTX 5090 Laptop GPU, 22083 MiB, 24463 MiB, 61, 35.32 W, 88 %
2026/09/25 08:12:00.161, NVIDIA GeForce RTX 5090 Laptop GPU, 22083 MiB, 24463 MiB, 60, 41.18 W, 87 %
2026/09/25 08:12:00.663, NVIDIA GeForce RTX 5090 Laptop GPU, 22083 MiB, 24463 MiB, 60, 40.79 W, 91 %
2026/09/25 08:12:01.165, NVIDIA GeForce RTX 5090 Laptop GPU, 22083 MiB, 24463 MiB, 60, 34.82 W, 92 %
2026/09/25 08:12:01.667, NVIDIA GeForce RTX 5090 Laptop GPU, 22083 MiB, 24463 MiB, 60, 36.97 W, 74 %
2026/09/25 08:12:02.169, NVIDIA GeForce RTX 5090 Laptop GPU, 22083 MiB, 24463 MiB, 60, 36.62 W, 81 %
2026/09/25 08:12:02.671, NVIDIA GeForce RTX 5090 Laptop GPU, 22083 MiB, 24463 MiB, 60, 34.13 W, 80 %
2026/09/25 08:12:03.173, NVIDIA GeForce RTX 5090 Laptop GPU, 22083 MiB, 24463 MiB, 60, 35.49 W, 82 %
2026/09/25 08:12:03.674, NVIDIA GeForce RTX 5090 Laptop GPU, 22083 MiB, 24463 MiB, 60, 35.82 W, 40 %
2026/09/25 08:12:04.176, NVIDIA GeForce RTX 5090 Laptop GPU, 22083 MiB, 24463 MiB, 60, 35.48 W, 69 %
2026/09/25 08:12:04.678, NVIDIA GeForce RTX 5090 Laptop GPU, 22083 MiB, 24463 MiB, 61, 37.55 W, 90 %
2026/09/25 08:12:05.180, NVIDIA GeForce RTX 5090 Laptop GPU, 22083 MiB, 24463 MiB, 60, 39.17 W, 50 %
2026/09/25 08:12:05.681, NVIDIA GeForce RTX 5090 Laptop GPU, 22083 MiB, 24463 MiB, 60, 38.18 W, 4 %
2026/09/25 08:12:06.183, NVIDIA GeForce RTX 5090 Laptop GPU, 22119 MiB, 24463 MiB, 63, 55.87 W, 20 %
2026/09/25 08:12:06.685, NVIDIA GeForce RTX 5090 Laptop GPU, 23177 MiB, 24463 MiB, 64, 81.41 W, 80 %
2026/09/25 08:12:07.187, NVIDIA GeForce RTX 5090 Laptop GPU, 24006 MiB, 24463 MiB, 64, 81.61 W, 52 %
2026/09/25 08:12:07.688, NVIDIA GeForce RTX 5090 Laptop GPU, 23140 MiB, 24463 MiB, 62, 59.44 W, 11 %
2026/09/25 08:12:08.190, NVIDIA GeForce RTX 5090 Laptop GPU, 24047 MiB, 24463 MiB, 63, 44.02 W, 21 %
2026/09/25 08:12:08.693, NVIDIA GeForce RTX 5090 Laptop GPU, 24014 MiB, 24463 MiB, 61, 40.74 W, 9 %
2026/09/25 08:12:09.195, NVIDIA GeForce RTX 5090 Laptop GPU, 23058 MiB, 24463 MiB, 63, 42.32 W, 19 %
2026/09/25 08:12:09.697, NVIDIA GeForce RTX 5090 Laptop GPU, 23947 MiB, 24463 MiB, 63, 48.39 W, 22 %
2026/09/25 08:12:10.199, NVIDIA GeForce RTX 5090 Laptop GPU, 23947 MiB, 24463 MiB, 61, 37.03 W, 58 %
2026/09/25 08:12:10.700, NVIDIA GeForce RTX 5090 Laptop GPU, 23947 MiB, 24463 MiB, 62, 35.96 W, 68 %
2026/09/25 08:12:11.203, NVIDIA GeForce RTX 5090 Laptop GPU, 23947 MiB, 24463 MiB, 62, 47.89 W, 88 %
2026/09/25 08:12:11.706, NVIDIA GeForce RTX 5090 Laptop GPU, 23947 MiB, 24463 MiB, 63, 51.00 W, 48 %
2026/09/25 08:12:12.208, NVIDIA GeForce RTX 5090 Laptop GPU, 23947 MiB, 24463 MiB, 63, 48.93 W, 61 %
2026/09/25 08:12:12.710, NVIDIA GeForce RTX 5090 Laptop GPU, 23947 MiB, 24463 MiB, 63, 50.22 W, 82 %
2026/09/25 08:12:13.211, NVIDIA GeForce RTX 5090 Laptop GPU, 23947 MiB, 24463 MiB, 63, 52.68 W, 88 %
2026/09/25 08:12:13.713, NVIDIA GeForce RTX 5090 Laptop GPU, 23947 MiB, 24463 MiB, 63, 52.81 W, 92 %
2026/09/25 08:12:14.214, NVIDIA GeForce RTX 5090 Laptop GPU, 23947 MiB, 24463 MiB, 63, 46.56 W, 91 %
2026/09/25 08:12:14.716, NVIDIA GeForce RTX 5090 Laptop GPU, 23947 MiB, 24463 MiB, 63, 40.72 W, 91 %
2026/09/25 08:12:15.217, NVIDIA GeForce RTX 5090 Laptop GPU, 23947 MiB, 24463 MiB, 63, 42.43 W, 90 %
2026/09/25 08:12:15.719, NVIDIA GeForce RTX 5090 Laptop GPU, 23947 MiB, 24463 MiB, 63, 41.04 W, 89 %
2026/09/25 08:12:16.221, NVIDIA GeForce RTX 5090 Laptop GPU, 23947 MiB, 24463 MiB, 63, 42.00 W, 91 %
2026/09/25 08:12:16.722, NVIDIA GeForce RTX 5090 Laptop GPU, 23947 MiB, 24463 MiB, 63, 33.87 W, 91 %
2026/09/25 08:12:17.225, NVIDIA GeForce RTX 5090 Laptop GPU, 23947 MiB, 24463 MiB, 63, 33.55 W, 93 %
2026/09/25 08:12:17.730, NVIDIA GeForce RTX 5090 Laptop GPU, 23947 MiB, 24463 MiB, 63, 39.87 W, 91 %
2026/09/25 08:12:18.232, NVIDIA GeForce RTX 5090 Laptop GPU, 23947 MiB, 24463 MiB, 63, 35.11 W, 92 %
2026/09/25 08:12:18.733, NVIDIA GeForce RTX 5090 Laptop GPU, 23947 MiB, 24463 MiB, 63, 42.70 W, 89 %
2026/09/25 08:12:19.235, NVIDIA GeForce RTX 5090 Laptop GPU, 23947 MiB, 24463 MiB, 63, 42.57 W, 89 %
2026/09/25 08:12:19.736, NVIDIA GeForce RTX 5090 Laptop GPU, 23947 MiB, 24463 MiB, 63, 39.54 W, 92 %
2026/09/25 08:12:20.238, NVIDIA GeForce RTX 5090 Laptop GPU, 23947 MiB, 24463 MiB, 63, 35.90 W, 91 %
2026/09/25 08:12:20.741, NVIDIA GeForce RTX 5090 Laptop GPU, 23947 MiB, 24463 MiB, 63, 40.04 W, 91 %
2026/09/25 08:12:21.242, NVIDIA GeForce RTX 5090 Laptop GPU, 23947 MiB, 24463 MiB, 63, 39.25 W, 93 %
2026/09/25 08:12:21.744, NVIDIA GeForce RTX 5090 Laptop GPU, 23947 MiB, 24463 MiB, 63, 35.39 W, 88 %
2026/09/25 08:12:22.246, NVIDIA GeForce RTX 5090 Laptop GPU, 23947 MiB, 24463 MiB, 63, 39.18 W, 89 %
2026/09/25 08:12:22.750, NVIDIA GeForce RTX 5090 Laptop GPU, 23947 MiB, 24463 MiB, 63, 41.77 W, 89 %
2026/09/25 08:12:23.267, NVIDIA GeForce RTX 5090 Laptop GPU, 23947 MiB, 24463 MiB, 63, 38.06 W, 93 %
2026/09/25 08:12:23.769, NVIDIA GeForce RTX 5090 Laptop GPU, 23957 MiB, 24463 MiB, 64, 62.57 W, 94 %
2026/09/25 08:12:24.272, NVIDIA GeForce RTX 5090 Laptop GPU, 23957 MiB, 24463 MiB, 67, 80.76 W, 34 %
2026/09/25 08:12:24.774, NVIDIA GeForce RTX 5090 Laptop GPU, 24006 MiB, 24463 MiB, 66, 77.91 W, 27 %
2026/09/25 08:12:25.278, NVIDIA GeForce RTX 5090 Laptop GPU, 24028 MiB, 24463 MiB, 67, 88.45 W, 94 %
2026/09/25 08:12:25.782, NVIDIA GeForce RTX 5090 Laptop GPU, 24028 MiB, 24463 MiB, 67, 69.23 W, 24 %
2026/09/25 08:12:26.285, NVIDIA GeForce RTX 5090 Laptop GPU, 24028 MiB, 24463 MiB, 64, 46.94 W, 91 %
2026/09/25 08:12:26.787, NVIDIA GeForce RTX 5090 Laptop GPU, 24028 MiB, 24463 MiB, 65, 35.62 W, 89 %
2026/09/25 08:12:27.289, NVIDIA GeForce RTX 5090 Laptop GPU, 24028 MiB, 24463 MiB, 64, 43.55 W, 91 %
2026/09/25 08:12:27.791, NVIDIA GeForce RTX 5090 Laptop GPU, 24028 MiB, 24463 MiB, 64, 54.06 W, 91 %
2026/09/25 08:12:28.294, NVIDIA GeForce RTX 5090 Laptop GPU, 24028 MiB, 24463 MiB, 64, 34.86 W, 90 %
2026/09/25 08:12:28.796, NVIDIA GeForce RTX 5090 Laptop GPU, 24028 MiB, 24463 MiB, 64, 39.02 W, 90 %
2026/09/25 08:12:29.297, NVIDIA GeForce RTX 5090 Laptop GPU, 24031 MiB, 24463 MiB, 64, 38.67 W, 88 %
2026/09/25 08:12:29.799, NVIDIA GeForce RTX 5090 Laptop GPU, 24031 MiB, 24463 MiB, 64, 40.17 W, 89 %
2026/09/25 08:12:30.301, NVIDIA GeForce RTX 5090 Laptop GPU, 24031 MiB, 24463 MiB, 64, 42.06 W, 91 %
2026/09/25 08:12:30.804, NVIDIA GeForce RTX 5090 Laptop GPU, 24031 MiB, 24463 MiB, 64, 41.76 W, 92 %
2026/09/25 08:12:31.307, NVIDIA GeForce RTX 5090 Laptop GPU, 24031 MiB, 24463 MiB, 64, 35.40 W, 91 %
2026/09/25 08:12:31.809, NVIDIA GeForce RTX 5090 Laptop GPU, 24022 MiB, 24463 MiB, 64, 36.72 W, 92 %
2026/09/25 08:12:32.310, NVIDIA GeForce RTX 5090 Laptop GPU, 24022 MiB, 24463 MiB, 64, 39.85 W, 87 %
2026/09/25 08:12:32.812, NVIDIA GeForce RTX 5090 Laptop GPU, 24022 MiB, 24463 MiB, 65, 39.59 W, 88 %
2026/09/25 08:12:33.315, NVIDIA GeForce RTX 5090 Laptop GPU, 24022 MiB, 24463 MiB, 64, 49.11 W, 91 %
2026/09/25 08:12:33.817, NVIDIA GeForce RTX 5090 Laptop GPU, 24022 MiB, 24463 MiB, 64, 52.41 W, 91 %
2026/09/25 08:12:34.318, NVIDIA GeForce RTX 5090 Laptop GPU, 24021 MiB, 24463 MiB, 64, 41.31 W, 91 %
2026/09/25 08:12:34.820, NVIDIA GeForce RTX 5090 Laptop GPU, 24021 MiB, 24463 MiB, 64, 49.91 W, 91 %
2026/09/25 08:12:35.322, NVIDIA GeForce RTX 5090 Laptop GPU, 24004 MiB, 24463 MiB, 64, 41.90 W, 86 %
2026/09/25 08:12:35.824, NVIDIA GeForce RTX 5090 Laptop GPU, 24004 MiB, 24463 MiB, 64, 39.79 W, 89 %
2026/09/25 08:12:36.326, NVIDIA GeForce RTX 5090 Laptop GPU, 24004 MiB, 24463 MiB, 64, 39.80 W, 91 %
2026/09/25 08:12:36.827, NVIDIA GeForce RTX 5090 Laptop GPU, 24004 MiB, 24463 MiB, 64, 41.00 W, 91 %
2026/09/25 08:12:37.330, NVIDIA GeForce RTX 5090 Laptop GPU, 24004 MiB, 24463 MiB, 64, 40.58 W, 91 %
2026/09/25 08:12:37.831, NVIDIA GeForce RTX 5090 Laptop GPU, 24004 MiB, 24463 MiB, 64, 37.03 W, 91 %
2026/09/25 08:12:38.335, NVIDIA GeForce RTX 5090 Laptop GPU, 24004 MiB, 24463 MiB, 64, 38.58 W, 89 %
2026/09/25 08:12:38.837, NVIDIA GeForce RTX 5090 Laptop GPU, 24004 MiB, 24463 MiB, 65, 39.65 W, 89 %
2026/09/25 08:12:39.339, NVIDIA GeForce RTX 5090 Laptop GPU, 24004 MiB, 24463 MiB, 65, 55.33 W, 22 %
2026/09/25 08:12:39.841, NVIDIA GeForce RTX 5090 Laptop GPU, 24017 MiB, 24463 MiB, 65, 61.60 W, 96 %
2026/09/25 08:12:40.343, NVIDIA GeForce RTX 5090 Laptop GPU, 23995 MiB, 24463 MiB, 68, 50.70 W, 21 %
2026/09/25 08:12:40.845, NVIDIA GeForce RTX 5090 Laptop GPU, 23995 MiB, 24463 MiB, 68, 70.32 W, 22 %
2026/09/25 08:12:41.346, NVIDIA GeForce RTX 5090 Laptop GPU, 23995 MiB, 24463 MiB, 69, 85.09 W, 39 %
2026/09/25 08:12:41.849, NVIDIA GeForce RTX 5090 Laptop GPU, 23995 MiB, 24463 MiB, 68, 83.61 W, 43 %
2026/09/25 08:12:42.350, NVIDIA GeForce RTX 5090 Laptop GPU, 24005 MiB, 24463 MiB, 68, 66.59 W, 89 %
2026/09/25 08:12:42.869, NVIDIA GeForce RTX 5090 Laptop GPU, 24005 MiB, 24463 MiB, 66, 51.73 W, 92 %
2026/09/25 08:12:43.371, NVIDIA GeForce RTX 5090 Laptop GPU, 24005 MiB, 24463 MiB, 66, 55.89 W, 93 %
2026/09/25 08:12:43.873, NVIDIA GeForce RTX 5090 Laptop GPU, 24005 MiB, 24463 MiB, 66, 51.83 W, 92 %
2026/09/25 08:12:44.375, NVIDIA GeForce RTX 5090 Laptop GPU, 24005 MiB, 24463 MiB, 66, 54.69 W, 90 %
2026/09/25 08:12:44.877, NVIDIA GeForce RTX 5090 Laptop GPU, 24005 MiB, 24463 MiB, 66, 35.83 W, 74 %
2026/09/25 08:12:45.379, NVIDIA GeForce RTX 5090 Laptop GPU, 24005 MiB, 24463 MiB, 66, 36.20 W, 91 %
2026/09/25 08:12:45.881, NVIDIA GeForce RTX 5090 Laptop GPU, 24005 MiB, 24463 MiB, 65, 38.36 W, 90 %
2026/09/25 08:12:46.383, NVIDIA GeForce RTX 5090 Laptop GPU, 24005 MiB, 24463 MiB, 65, 42.35 W, 89 %
2026/09/25 08:12:46.885, NVIDIA GeForce RTX 5090 Laptop GPU, 24005 MiB, 24463 MiB, 66, 58.94 W, 91 %
2026/09/25 08:12:47.387, NVIDIA GeForce RTX 5090 Laptop GPU, 24005 MiB, 24463 MiB, 66, 40.66 W, 89 %
2026/09/25 08:12:47.889, NVIDIA GeForce RTX 5090 Laptop GPU, 24005 MiB, 24463 MiB, 66, 46.32 W, 91 %
2026/09/25 08:12:48.394, NVIDIA GeForce RTX 5090 Laptop GPU, 24006 MiB, 24463 MiB, 66, 43.57 W, 89 %
2026/09/25 08:12:48.897, NVIDIA GeForce RTX 5090 Laptop GPU, 24006 MiB, 24463 MiB, 65, 41.15 W, 88 %
2026/09/25 08:12:49.399, NVIDIA GeForce RTX 5090 Laptop GPU, 24005 MiB, 24463 MiB, 65, 36.46 W, 88 %
2026/09/25 08:12:49.902, NVIDIA GeForce RTX 5090 Laptop GPU, 24005 MiB, 24463 MiB, 65, 39.49 W, 92 %
2026/09/25 08:12:50.404, NVIDIA GeForce RTX 5090 Laptop GPU, 24005 MiB, 24463 MiB, 65, 34.78 W, 90 %
2026/09/25 08:12:50.906, NVIDIA GeForce RTX 5090 Laptop GPU, 24005 MiB, 24463 MiB, 65, 37.51 W, 91 %
2026/09/25 08:12:51.408, NVIDIA GeForce RTX 5090 Laptop GPU, 24005 MiB, 24463 MiB, 65, 39.49 W, 91 %
2026/09/25 08:12:51.910, NVIDIA GeForce RTX 5090 Laptop GPU, 24005 MiB, 24463 MiB, 66, 40.44 W, 88 %
2026/09/25 08:12:52.412, NVIDIA GeForce RTX 5090 Laptop GPU, 24005 MiB, 24463 MiB, 65, 49.78 W, 86 %
2026/09/25 08:12:52.914, NVIDIA GeForce RTX 5090 Laptop GPU, 24005 MiB, 24463 MiB, 65, 41.26 W, 91 %
2026/09/25 08:12:53.415, NVIDIA GeForce RTX 5090 Laptop GPU, 24005 MiB, 24463 MiB, 65, 39.14 W, 90 %
2026/09/25 08:12:53.917, NVIDIA GeForce RTX 5090 Laptop GPU, 24005 MiB, 24463 MiB, 65, 42.96 W, 91 %
2026/09/25 08:12:54.419, NVIDIA GeForce RTX 5090 Laptop GPU, 24005 MiB, 24463 MiB, 65, 41.18 W, 90 %
2026/09/25 08:12:54.921, NVIDIA GeForce RTX 5090 Laptop GPU, 24005 MiB, 24463 MiB, 65, 36.24 W, 87 %
2026/09/25 08:12:55.422, NVIDIA GeForce RTX 5090 Laptop GPU, 24007 MiB, 24463 MiB, 68, 58.67 W, 16 %
2026/09/25 08:12:55.924, NVIDIA GeForce RTX 5090 Laptop GPU, 23997 MiB, 24463 MiB, 68, 89.47 W, 92 %
2026/09/25 08:12:56.426, NVIDIA GeForce RTX 5090 Laptop GPU, 23998 MiB, 24463 MiB, 69, 62.79 W, 30 %
2026/09/25 08:12:56.931, NVIDIA GeForce RTX 5090 Laptop GPU, 23998 MiB, 24463 MiB, 70, 89.98 W, 57 %
2026/09/25 08:12:57.433, NVIDIA GeForce RTX 5090 Laptop GPU, 23998 MiB, 24463 MiB, 69, 79.34 W, 38 %
2026/09/25 08:12:57.934, NVIDIA GeForce RTX 5090 Laptop GPU, 23998 MiB, 24463 MiB, 70, 90.42 W, 45 %
2026/09/25 08:12:58.437, NVIDIA GeForce RTX 5090 Laptop GPU, 23998 MiB, 24463 MiB, 66, 35.52 W, 85 %
2026/09/25 08:12:58.943, NVIDIA GeForce RTX 5090 Laptop GPU, 23998 MiB, 24463 MiB, 66, 43.19 W, 92 %
2026/09/25 08:12:59.445, NVIDIA GeForce RTX 5090 Laptop GPU, 23998 MiB, 24463 MiB, 66, 39.00 W, 92 %
2026/09/25 08:12:59.946, NVIDIA GeForce RTX 5090 Laptop GPU, 23998 MiB, 24463 MiB, 65, 34.26 W, 93 %
2026/09/25 08:13:00.450, NVIDIA GeForce RTX 5090 Laptop GPU, 23998 MiB, 24463 MiB, 65, 40.19 W, 79 %
2026/09/25 08:13:00.951, NVIDIA GeForce RTX 5090 Laptop GPU, 23998 MiB, 24463 MiB, 65, 40.81 W, 93 %
2026/09/25 08:13:01.462, NVIDIA GeForce RTX 5090 Laptop GPU, 23998 MiB, 24463 MiB, 65, 39.74 W, 88 %
2026/09/25 08:13:01.964, NVIDIA GeForce RTX 5090 Laptop GPU, 23998 MiB, 24463 MiB, 65, 49.95 W, 88 %
2026/09/25 08:13:02.465, NVIDIA GeForce RTX 5090 Laptop GPU, 23998 MiB, 24463 MiB, 67, 42.33 W, 90 %
2026/09/25 08:13:02.967, NVIDIA GeForce RTX 5090 Laptop GPU, 23998 MiB, 24463 MiB, 65, 37.53 W, 91 %
2026/09/25 08:13:03.468, NVIDIA GeForce RTX 5090 Laptop GPU, 23998 MiB, 24463 MiB, 65, 35.12 W, 90 %
2026/09/25 08:13:03.970, NVIDIA GeForce RTX 5090 Laptop GPU, 23998 MiB, 24463 MiB, 65, 40.08 W, 92 %
2026/09/25 08:13:04.480, NVIDIA GeForce RTX 5090 Laptop GPU, 23998 MiB, 24463 MiB, 65, 39.54 W, 91 %
2026/09/25 08:13:04.982, NVIDIA GeForce RTX 5090 Laptop GPU, 23998 MiB, 24463 MiB, 65, 36.97 W, 92 %
2026/09/25 08:13:05.484, NVIDIA GeForce RTX 5090 Laptop GPU, 23998 MiB, 24463 MiB, 65, 40.47 W, 89 %
2026/09/25 08:13:05.987, NVIDIA GeForce RTX 5090 Laptop GPU, 23998 MiB, 24463 MiB, 65, 40.64 W, 89 %
2026/09/25 08:13:06.489, NVIDIA GeForce RTX 5090 Laptop GPU, 23998 MiB, 24463 MiB, 65, 41.51 W, 91 %
2026/09/25 08:13:06.990, NVIDIA GeForce RTX 5090 Laptop GPU, 23998 MiB, 24463 MiB, 65, 42.07 W, 92 %
2026/09/25 08:13:07.491, NVIDIA GeForce RTX 5090 Laptop GPU, 23998 MiB, 24463 MiB, 66, 41.55 W, 90 %
2026/09/25 08:13:07.993, NVIDIA GeForce RTX 5090 Laptop GPU, 23998 MiB, 24463 MiB, 65, 40.83 W, 91 %
2026/09/25 08:13:08.495, NVIDIA GeForce RTX 5090 Laptop GPU, 23998 MiB, 24463 MiB, 65, 36.36 W, 87 %
2026/09/25 08:13:08.996, NVIDIA GeForce RTX 5090 Laptop GPU, 23998 MiB, 24463 MiB, 65, 39.18 W, 89 %
2026/09/25 08:13:09.498, NVIDIA GeForce RTX 5090 Laptop GPU, 23998 MiB, 24463 MiB, 65, 39.18 W, 91 %
2026/09/25 08:13:10.000, NVIDIA GeForce RTX 5090 Laptop GPU, 23998 MiB, 24463 MiB, 65, 36.27 W, 92 %
2026/09/25 08:13:10.502, NVIDIA GeForce RTX 5090 Laptop GPU, 23998 MiB, 24463 MiB, 65, 39.95 W, 91 %
2026/09/25 08:13:11.004, NVIDIA GeForce RTX 5090 Laptop GPU, 23998 MiB, 24463 MiB, 65, 39.44 W, 92 %
2026/09/25 08:13:11.506, NVIDIA GeForce RTX 5090 Laptop GPU, 23980 MiB, 24463 MiB, 66, 25.87 W, 27 %
2026/09/25 08:13:12.008, NVIDIA GeForce RTX 5090 Laptop GPU, 23998 MiB, 24463 MiB, 66, 46.72 W, 34 %
2026/09/25 08:13:12.510, NVIDIA GeForce RTX 5090 Laptop GPU, 23998 MiB, 24463 MiB, 69, 69.07 W, 73 %
2026/09/25 08:13:13.011, NVIDIA GeForce RTX 5090 Laptop GPU, 23998 MiB, 24463 MiB, 69, 78.43 W, 98 %
2026/09/25 08:13:13.513, NVIDIA GeForce RTX 5090 Laptop GPU, 23998 MiB, 24463 MiB, 69, 84.36 W, 77 %
2026/09/25 08:13:14.015, NVIDIA GeForce RTX 5090 Laptop GPU, 23998 MiB, 24463 MiB, 68, 54.76 W, 85 %
2026/09/25 08:13:14.522, NVIDIA GeForce RTX 5090 Laptop GPU, 23998 MiB, 24463 MiB, 66, 35.95 W, 87 %
2026/09/25 08:13:15.024, NVIDIA GeForce RTX 5090 Laptop GPU, 23998 MiB, 24463 MiB, 66, 56.69 W, 88 %
2026/09/25 08:13:15.525, NVIDIA GeForce RTX 5090 Laptop GPU, 23998 MiB, 24463 MiB, 65, 41.76 W, 92 %
2026/09/25 08:13:16.028, NVIDIA GeForce RTX 5090 Laptop GPU, 23998 MiB, 24463 MiB, 67, 34.62 W, 91 %
2026/09/25 08:13:16.530, NVIDIA GeForce RTX 5090 Laptop GPU, 23988 MiB, 24463 MiB, 65, 54.31 W, 84 %
2026/09/25 08:13:17.032, NVIDIA GeForce RTX 5090 Laptop GPU, 23988 MiB, 24463 MiB, 66, 43.27 W, 91 %
2026/09/25 08:13:17.534, NVIDIA GeForce RTX 5090 Laptop GPU, 23988 MiB, 24463 MiB, 65, 42.12 W, 88 %
2026/09/25 08:13:18.035, NVIDIA GeForce RTX 5090 Laptop GPU, 23988 MiB, 24463 MiB, 65, 41.65 W, 88 %
2026/09/25 08:13:18.537, NVIDIA GeForce RTX 5090 Laptop GPU, 23988 MiB, 24463 MiB, 65, 39.93 W, 89 %
2026/09/25 08:13:19.038, NVIDIA GeForce RTX 5090 Laptop GPU, 23988 MiB, 24463 MiB, 65, 34.58 W, 92 %
2026/09/25 08:13:19.541, NVIDIA GeForce RTX 5090 Laptop GPU, 23988 MiB, 24463 MiB, 65, 41.57 W, 92 %
2026/09/25 08:13:20.043, NVIDIA GeForce RTX 5090 Laptop GPU, 23988 MiB, 24463 MiB, 65, 37.18 W, 92 %
2026/09/25 08:13:20.544, NVIDIA GeForce RTX 5090 Laptop GPU, 23988 MiB, 24463 MiB, 65, 35.07 W, 86 %
2026/09/25 08:13:21.046, NVIDIA GeForce RTX 5090 Laptop GPU, 23988 MiB, 24463 MiB, 65, 36.51 W, 88 %
2026/09/25 08:13:21.548, NVIDIA GeForce RTX 5090 Laptop GPU, 23988 MiB, 24463 MiB, 65, 40.11 W, 89 %
2026/09/25 08:13:22.050, NVIDIA GeForce RTX 5090 Laptop GPU, 23988 MiB, 24463 MiB, 66, 39.97 W, 90 %
2026/09/25 08:13:22.551, NVIDIA GeForce RTX 5090 Laptop GPU, 23988 MiB, 24463 MiB, 65, 40.85 W, 87 %
2026/09/25 08:13:23.059, NVIDIA GeForce RTX 5090 Laptop GPU, 23988 MiB, 24463 MiB, 65, 39.39 W, 94 %
2026/09/25 08:13:23.562, NVIDIA GeForce RTX 5090 Laptop GPU, 23988 MiB, 24463 MiB, 65, 36.22 W, 91 %
2026/09/25 08:13:24.063, NVIDIA GeForce RTX 5090 Laptop GPU, 23988 MiB, 24463 MiB, 65, 40.72 W, 92 %
2026/09/25 08:13:24.565, NVIDIA GeForce RTX 5090 Laptop GPU, 23988 MiB, 24463 MiB, 65, 41.49 W, 91 %
2026/09/25 08:13:25.067, NVIDIA GeForce RTX 5090 Laptop GPU, 23988 MiB, 24463 MiB, 65, 41.16 W, 90 %
2026/09/25 08:13:25.569, NVIDIA GeForce RTX 5090 Laptop GPU, 24020 MiB, 24463 MiB, 65, 41.89 W, 87 %
2026/09/25 08:13:26.071, NVIDIA GeForce RTX 5090 Laptop GPU, 24020 MiB, 24463 MiB, 65, 41.88 W, 92 %
2026/09/25 08:13:26.574, NVIDIA GeForce RTX 5090 Laptop GPU, 24020 MiB, 24463 MiB, 65, 40.52 W, 90 %
2026/09/25 08:13:27.075, NVIDIA GeForce RTX 5090 Laptop GPU, 24020 MiB, 24463 MiB, 66, 47.12 W, 52 %
2026/09/25 08:13:27.576, NVIDIA GeForce RTX 5090 Laptop GPU, 24004 MiB, 24463 MiB, 69, 92.04 W, 95 %
2026/09/25 08:13:28.078, NVIDIA GeForce RTX 5090 Laptop GPU, 24000 MiB, 24463 MiB, 66, 89.52 W, 27 %
2026/09/25 08:13:28.579, NVIDIA GeForce RTX 5090 Laptop GPU, 24000 MiB, 24463 MiB, 69, 86.49 W, 20 %
2026/09/25 08:13:29.081, NVIDIA GeForce RTX 5090 Laptop GPU, 24000 MiB, 24463 MiB, 69, 87.22 W, 85 %
2026/09/25 08:13:29.583, NVIDIA GeForce RTX 5090 Laptop GPU, 24000 MiB, 24463 MiB, 71, 86.71 W, 59 %
2026/09/25 08:13:30.084, NVIDIA GeForce RTX 5090 Laptop GPU, 24000 MiB, 24463 MiB, 68, 34.95 W, 76 %
2026/09/25 08:13:30.586, NVIDIA GeForce RTX 5090 Laptop GPU, 24000 MiB, 24463 MiB, 66, 49.40 W, 92 %
2026/09/25 08:13:31.088, NVIDIA GeForce RTX 5090 Laptop GPU, 23996 MiB, 24463 MiB, 66, 41.26 W, 91 %
2026/09/25 08:13:31.590, NVIDIA GeForce RTX 5090 Laptop GPU, 23996 MiB, 24463 MiB, 66, 41.18 W, 90 %
2026/09/25 08:13:32.091, NVIDIA GeForce RTX 5090 Laptop GPU, 23977 MiB, 24463 MiB, 66, 41.14 W, 85 %
2026/09/25 08:13:32.593, NVIDIA GeForce RTX 5090 Laptop GPU, 23977 MiB, 24463 MiB, 66, 40.28 W, 93 %
2026/09/25 08:13:33.094, NVIDIA GeForce RTX 5090 Laptop GPU, 23977 MiB, 24463 MiB, 65, 35.31 W, 92 %
2026/09/25 08:13:33.596, NVIDIA GeForce RTX 5090 Laptop GPU, 23977 MiB, 24463 MiB, 66, 37.70 W, 88 %
2026/09/25 08:13:34.098, NVIDIA GeForce RTX 5090 Laptop GPU, 23977 MiB, 24463 MiB, 65, 40.87 W, 91 %
2026/09/25 08:13:34.601, NVIDIA GeForce RTX 5090 Laptop GPU, 23977 MiB, 24463 MiB, 65, 38.73 W, 90 %
2026/09/25 08:13:35.102, NVIDIA GeForce RTX 5090 Laptop GPU, 23977 MiB, 24463 MiB, 65, 51.11 W, 93 %
2026/09/25 08:13:35.604, NVIDIA GeForce RTX 5090 Laptop GPU, 23977 MiB, 24463 MiB, 65, 42.42 W, 92 %
2026/09/25 08:13:36.107, NVIDIA GeForce RTX 5090 Laptop GPU, 23977 MiB, 24463 MiB, 65, 34.28 W, 88 %
2026/09/25 08:13:36.609, NVIDIA GeForce RTX 5090 Laptop GPU, 23977 MiB, 24463 MiB, 65, 41.49 W, 91 %
2026/09/25 08:13:37.111, NVIDIA GeForce RTX 5090 Laptop GPU, 23977 MiB, 24463 MiB, 66, 40.74 W, 90 %
2026/09/25 08:13:37.612, NVIDIA GeForce RTX 5090 Laptop GPU, 23977 MiB, 24463 MiB, 65, 34.89 W, 84 %
2026/09/25 08:13:38.114, NVIDIA GeForce RTX 5090 Laptop GPU, 23977 MiB, 24463 MiB, 65, 39.48 W, 93 %
2026/09/25 08:13:38.616, NVIDIA GeForce RTX 5090 Laptop GPU, 23977 MiB, 24463 MiB, 65, 40.62 W, 92 %
2026/09/25 08:13:39.118, NVIDIA GeForce RTX 5090 Laptop GPU, 23977 MiB, 24463 MiB, 65, 40.31 W, 93 %
2026/09/25 08:13:39.619, NVIDIA GeForce RTX 5090 Laptop GPU, 23977 MiB, 24463 MiB, 65, 41.03 W, 91 %
2026/09/25 08:13:40.121, NVIDIA GeForce RTX 5090 Laptop GPU, 23977 MiB, 24463 MiB, 65, 41.54 W, 89 %
2026/09/25 08:13:40.623, NVIDIA GeForce RTX 5090 Laptop GPU, 23977 MiB, 24463 MiB, 65, 40.31 W, 81 %
2026/09/25 08:13:41.127, NVIDIA GeForce RTX 5090 Laptop GPU, 23977 MiB, 24463 MiB, 65, 39.77 W, 80 %
2026/09/25 08:13:41.629, NVIDIA GeForce RTX 5090 Laptop GPU, 23977 MiB, 24463 MiB, 65, 41.21 W, 84 %
2026/09/25 08:13:42.131, NVIDIA GeForce RTX 5090 Laptop GPU, 23977 MiB, 24463 MiB, 65, 39.83 W, 86 %
2026/09/25 08:13:42.634, NVIDIA GeForce RTX 5090 Laptop GPU, 23977 MiB, 24463 MiB, 65, 40.99 W, 87 %
2026/09/25 08:13:43.136, NVIDIA GeForce RTX 5090 Laptop GPU, 23977 MiB, 24463 MiB, 65, 43.09 W, 86 %
2026/09/25 08:13:43.638, NVIDIA GeForce RTX 5090 Laptop GPU, 23977 MiB, 24463 MiB, 68, 51.88 W, 20 %
2026/09/25 08:13:44.141, NVIDIA GeForce RTX 5090 Laptop GPU, 23977 MiB, 24463 MiB, 68, 61.01 W, 92 %
2026/09/25 08:13:44.643, NVIDIA GeForce RTX 5090 Laptop GPU, 23977 MiB, 24463 MiB, 67, 55.65 W, 19 %
2026/09/25 08:13:45.144, NVIDIA GeForce RTX 5090 Laptop GPU, 23977 MiB, 24463 MiB, 69, 72.14 W, 54 %
2026/09/25 08:13:45.646, NVIDIA GeForce RTX 5090 Laptop GPU, 23977 MiB, 24463 MiB, 69, 84.35 W, 41 %
2026/09/25 08:13:46.147, NVIDIA GeForce RTX 5090 Laptop GPU, 23977 MiB, 24463 MiB, 69, 88.91 W, 29 %
2026/09/25 08:13:46.652, NVIDIA GeForce RTX 5090 Laptop GPU, 23977 MiB, 24463 MiB, 67, 35.99 W, 93 %
2026/09/25 08:13:47.153, NVIDIA GeForce RTX 5090 Laptop GPU, 23977 MiB, 24463 MiB, 66, 35.28 W, 91 %
2026/09/25 08:13:47.655, NVIDIA GeForce RTX 5090 Laptop GPU, 23977 MiB, 24463 MiB, 66, 36.48 W, 81 %
2026/09/25 08:13:48.158, NVIDIA GeForce RTX 5090 Laptop GPU, 23977 MiB, 24463 MiB, 66, 31.30 W, 67 %
2026/09/25 08:13:48.660, NVIDIA GeForce RTX 5090 Laptop GPU, 23977 MiB, 24463 MiB, 66, 36.63 W, 92 %
2026/09/25 08:13:49.163, NVIDIA GeForce RTX 5090 Laptop GPU, 23977 MiB, 24463 MiB, 66, 37.08 W, 91 %
2026/09/25 08:13:49.664, NVIDIA GeForce RTX 5090 Laptop GPU, 23977 MiB, 24463 MiB, 66, 41.98 W, 92 %
2026/09/25 08:13:50.166, NVIDIA GeForce RTX 5090 Laptop GPU, 23977 MiB, 24463 MiB, 66, 40.77 W, 91 %
2026/09/25 08:13:50.668, NVIDIA GeForce RTX 5090 Laptop GPU, 23977 MiB, 24463 MiB, 66, 43.06 W, 89 %
2026/09/25 08:13:51.170, NVIDIA GeForce RTX 5090 Laptop GPU, 23977 MiB, 24463 MiB, 65, 41.71 W, 88 %
2026/09/25 08:13:51.671, NVIDIA GeForce RTX 5090 Laptop GPU, 23977 MiB, 24463 MiB, 65, 38.00 W, 90 %
2026/09/25 08:13:52.175, NVIDIA GeForce RTX 5090 Laptop GPU, 23977 MiB, 24463 MiB, 66, 40.84 W, 90 %
2026/09/25 08:13:52.677, NVIDIA GeForce RTX 5090 Laptop GPU, 23977 MiB, 24463 MiB, 65, 36.19 W, 91 %
2026/09/25 08:13:53.179, NVIDIA GeForce RTX 5090 Laptop GPU, 23977 MiB, 24463 MiB, 66, 37.48 W, 92 %
2026/09/25 08:13:53.680, NVIDIA GeForce RTX 5090 Laptop GPU, 23977 MiB, 24463 MiB, 66, 35.87 W, 89 %
2026/09/25 08:13:54.183, NVIDIA GeForce RTX 5090 Laptop GPU, 23977 MiB, 24463 MiB, 65, 41.26 W, 87 %
2026/09/25 08:13:54.685, NVIDIA GeForce RTX 5090 Laptop GPU, 23977 MiB, 24463 MiB, 65, 41.54 W, 91 %
2026/09/25 08:13:55.187, NVIDIA GeForce RTX 5090 Laptop GPU, 23977 MiB, 24463 MiB, 65, 40.96 W, 92 %
2026/09/25 08:13:55.689, NVIDIA GeForce RTX 5090 Laptop GPU, 23977 MiB, 24463 MiB, 65, 41.70 W, 91 %
2026/09/25 08:13:56.191, NVIDIA GeForce RTX 5090 Laptop GPU, 23977 MiB, 24463 MiB, 65, 40.73 W, 92 %
2026/09/25 08:13:56.695, NVIDIA GeForce RTX 5090 Laptop GPU, 23977 MiB, 24463 MiB, 65, 37.96 W, 88 %
2026/09/25 08:13:57.198, NVIDIA GeForce RTX 5090 Laptop GPU, 23977 MiB, 24463 MiB, 65, 36.08 W, 90 %
2026/09/25 08:13:57.700, NVIDIA GeForce RTX 5090 Laptop GPU, 23977 MiB, 24463 MiB, 65, 39.69 W, 91 %
2026/09/25 08:13:58.202, NVIDIA GeForce RTX 5090 Laptop GPU, 23977 MiB, 24463 MiB, 66, 34.80 W, 92 %
2026/09/25 08:13:58.704, NVIDIA GeForce RTX 5090 Laptop GPU, 23977 MiB, 24463 MiB, 65, 39.87 W, 91 %
2026/09/25 08:13:59.214, NVIDIA GeForce RTX 5090 Laptop GPU, 23977 MiB, 24463 MiB, 65, 39.43 W, 93 %
2026/09/25 08:13:59.716, NVIDIA GeForce RTX 5090 Laptop GPU, 23967 MiB, 24463 MiB, 67, 25.29 W, 21 %
2026/09/25 08:14:00.218, NVIDIA GeForce RTX 5090 Laptop GPU, 23902 MiB, 24463 MiB, 67, 56.08 W, 77 %
2026/09/25 08:14:00.720, NVIDIA GeForce RTX 5090 Laptop GPU, 23979 MiB, 24463 MiB, 67, 61.27 W, 21 %
2026/09/25 08:14:01.222, NVIDIA GeForce RTX 5090 Laptop GPU, 23979 MiB, 24463 MiB, 69, 76.47 W, 46 %
2026/09/25 08:14:01.723, NVIDIA GeForce RTX 5090 Laptop GPU, 23979 MiB, 24463 MiB, 69, 84.43 W, 51 %
2026/09/25 08:14:02.228, NVIDIA GeForce RTX 5090 Laptop GPU, 23979 MiB, 24463 MiB, 70, 88.86 W, 25 %
2026/09/25 08:14:02.731, NVIDIA GeForce RTX 5090 Laptop GPU, 23979 MiB, 24463 MiB, 69, 32.14 W, 39 %
2026/09/25 08:14:03.234, NVIDIA GeForce RTX 5090 Laptop GPU, 23979 MiB, 24463 MiB, 66, 37.79 W, 90 %
2026/09/25 08:14:03.735, NVIDIA GeForce RTX 5090 Laptop GPU, 23979 MiB, 24463 MiB, 66, 39.69 W, 87 %
2026/09/25 08:14:04.237, NVIDIA GeForce RTX 5090 Laptop GPU, 23979 MiB, 24463 MiB, 66, 40.85 W, 88 %
2026/09/25 08:14:04.739, NVIDIA GeForce RTX 5090 Laptop GPU, 23979 MiB, 24463 MiB, 66, 33.12 W, 73 %
2026/09/25 08:14:05.242, NVIDIA GeForce RTX 5090 Laptop GPU, 23979 MiB, 24463 MiB, 66, 43.52 W, 92 %
2026/09/25 08:14:05.744, NVIDIA GeForce RTX 5090 Laptop GPU, 23979 MiB, 24463 MiB, 66, 40.29 W, 87 %
2026/09/25 08:14:06.246, NVIDIA GeForce RTX 5090 Laptop GPU, 23979 MiB, 24463 MiB, 66, 39.70 W, 91 %
2026/09/25 08:14:06.747, NVIDIA GeForce RTX 5090 Laptop GPU, 23979 MiB, 24463 MiB, 66, 40.17 W, 90 %
2026/09/25 08:14:07.249, NVIDIA GeForce RTX 5090 Laptop GPU, 23979 MiB, 24463 MiB, 66, 56.73 W, 91 %
2026/09/25 08:14:07.753, NVIDIA GeForce RTX 5090 Laptop GPU, 23979 MiB, 24463 MiB, 66, 45.20 W, 89 %
2026/09/25 08:14:08.255, NVIDIA GeForce RTX 5090 Laptop GPU, 23979 MiB, 24463 MiB, 66, 42.66 W, 91 %
2026/09/25 08:14:08.758, NVIDIA GeForce RTX 5090 Laptop GPU, 23979 MiB, 24463 MiB, 65, 41.35 W, 92 %
2026/09/25 08:14:09.260, NVIDIA GeForce RTX 5090 Laptop GPU, 23987 MiB, 24463 MiB, 66, 36.43 W, 91 %
2026/09/25 08:14:09.762, NVIDIA GeForce RTX 5090 Laptop GPU, 23987 MiB, 24463 MiB, 65, 36.40 W, 91 %
2026/09/25 08:14:10.265, NVIDIA GeForce RTX 5090 Laptop GPU, 23987 MiB, 24463 MiB, 65, 41.13 W, 89 %
2026/09/25 08:14:10.767, NVIDIA GeForce RTX 5090 Laptop GPU, 23987 MiB, 24463 MiB, 65, 36.10 W, 90 %
2026/09/25 08:14:11.268, NVIDIA GeForce RTX 5090 Laptop GPU, 23987 MiB, 24463 MiB, 66, 32.94 W, 92 %
2026/09/25 08:14:11.774, NVIDIA GeForce RTX 5090 Laptop GPU, 23987 MiB, 24463 MiB, 65, 46.69 W, 92 %
2026/09/25 08:14:12.276, NVIDIA GeForce RTX 5090 Laptop GPU, 23987 MiB, 24463 MiB, 65, 41.57 W, 92 %
2026/09/25 08:14:12.779, NVIDIA GeForce RTX 5090 Laptop GPU, 23987 MiB, 24463 MiB, 65, 35.94 W, 92 %
2026/09/25 08:14:13.282, NVIDIA GeForce RTX 5090 Laptop GPU, 23987 MiB, 24463 MiB, 65, 41.13 W, 88 %
2026/09/25 08:14:13.783, NVIDIA GeForce RTX 5090 Laptop GPU, 23987 MiB, 24463 MiB, 65, 41.94 W, 90 %
2026/09/25 08:14:14.285, NVIDIA GeForce RTX 5090 Laptop GPU, 23987 MiB, 24463 MiB, 65, 35.98 W, 91 %
2026/09/25 08:14:14.787, NVIDIA GeForce RTX 5090 Laptop GPU, 23987 MiB, 24463 MiB, 65, 39.22 W, 92 %
2026/09/25 08:14:15.291, NVIDIA GeForce RTX 5090 Laptop GPU, 23987 MiB, 24463 MiB, 65, 39.88 W, 92 %
2026/09/25 08:14:15.793, NVIDIA GeForce RTX 5090 Laptop GPU, 23977 MiB, 24463 MiB, 65, 49.15 W, 24 %
2026/09/25 08:14:16.294, NVIDIA GeForce RTX 5090 Laptop GPU, 23981 MiB, 24463 MiB, 65, 63.89 W, 95 %
2026/09/25 08:14:16.796, NVIDIA GeForce RTX 5090 Laptop GPU, 23987 MiB, 24463 MiB, 66, 69.94 W, 61 %
2026/09/25 08:14:17.298, NVIDIA GeForce RTX 5090 Laptop GPU, 23987 MiB, 24463 MiB, 69, 90.32 W, 31 %
2026/09/25 08:14:17.799, NVIDIA GeForce RTX 5090 Laptop GPU, 23987 MiB, 24463 MiB, 69, 82.59 W, 76 %
2026/09/25 08:14:18.301, NVIDIA GeForce RTX 5090 Laptop GPU, 23987 MiB, 24463 MiB, 69, 83.12 W, 29 %
2026/09/25 08:14:18.803, NVIDIA GeForce RTX 5090 Laptop GPU, 23997 MiB, 24463 MiB, 69, 38.12 W, 85 %
2026/09/25 08:14:19.305, NVIDIA GeForce RTX 5090 Laptop GPU, 23997 MiB, 24463 MiB, 67, 51.67 W, 88 %
2026/09/25 08:14:19.807, NVIDIA GeForce RTX 5090 Laptop GPU, 23997 MiB, 24463 MiB, 67, 42.19 W, 91 %
2026/09/25 08:14:20.309, NVIDIA GeForce RTX 5090 Laptop GPU, 23997 MiB, 24463 MiB, 66, 36.73 W, 91 %
2026/09/25 08:14:20.810, NVIDIA GeForce RTX 5090 Laptop GPU, 23987 MiB, 24463 MiB, 66, 39.97 W, 77 %
2026/09/25 08:14:21.312, NVIDIA GeForce RTX 5090 Laptop GPU, 23987 MiB, 24463 MiB, 66, 40.85 W, 93 %
2026/09/25 08:14:21.815, NVIDIA GeForce RTX 5090 Laptop GPU, 23987 MiB, 24463 MiB, 66, 39.12 W, 87 %
2026/09/25 08:14:22.318, NVIDIA GeForce RTX 5090 Laptop GPU, 23987 MiB, 24463 MiB, 66, 40.98 W, 90 %
2026/09/25 08:14:22.820, NVIDIA GeForce RTX 5090 Laptop GPU, 23987 MiB, 24463 MiB, 66, 41.19 W, 92 %
2026/09/25 08:14:23.322, NVIDIA GeForce RTX 5090 Laptop GPU, 23987 MiB, 24463 MiB, 66, 42.02 W, 91 %
2026/09/25 08:14:23.823, NVIDIA GeForce RTX 5090 Laptop GPU, 23987 MiB, 24463 MiB, 66, 40.74 W, 89 %
2026/09/25 08:14:24.325, NVIDIA GeForce RTX 5090 Laptop GPU, 23987 MiB, 24463 MiB, 66, 39.07 W, 92 %
2026/09/25 08:14:24.829, NVIDIA GeForce RTX 5090 Laptop GPU, 23987 MiB, 24463 MiB, 65, 39.84 W, 90 %
2026/09/25 08:14:25.330, NVIDIA GeForce RTX 5090 Laptop GPU, 23987 MiB, 24463 MiB, 66, 37.37 W, 91 %
2026/09/25 08:14:25.833, NVIDIA GeForce RTX 5090 Laptop GPU, 24010 MiB, 24463 MiB, 65, 38.29 W, 92 %
2026/09/25 08:14:26.336, NVIDIA GeForce RTX 5090 Laptop GPU, 24010 MiB, 24463 MiB, 65, 40.47 W, 89 %
2026/09/25 08:14:26.837, NVIDIA GeForce RTX 5090 Laptop GPU, 24010 MiB, 24463 MiB, 65, 40.33 W, 90 %
2026/09/25 08:14:27.339, NVIDIA GeForce RTX 5090 Laptop GPU, 24010 MiB, 24463 MiB, 66, 40.69 W, 93 %
2026/09/25 08:14:27.841, NVIDIA GeForce RTX 5090 Laptop GPU, 24010 MiB, 24463 MiB, 65, 41.58 W, 93 %
2026/09/25 08:14:28.342, NVIDIA GeForce RTX 5090 Laptop GPU, 24010 MiB, 24463 MiB, 65, 40.42 W, 93 %
2026/09/25 08:14:28.844, NVIDIA GeForce RTX 5090 Laptop GPU, 24010 MiB, 24463 MiB, 65, 34.01 W, 90 %
2026/09/25 08:14:29.346, NVIDIA GeForce RTX 5090 Laptop GPU, 24010 MiB, 24463 MiB, 65, 39.96 W, 89 %
2026/09/25 08:14:29.848, NVIDIA GeForce RTX 5090 Laptop GPU, 24010 MiB, 24463 MiB, 65, 40.03 W, 90 %
2026/09/25 08:14:30.349, NVIDIA GeForce RTX 5090 Laptop GPU, 24010 MiB, 24463 MiB, 65, 40.48 W, 89 %
2026/09/25 08:14:30.855, NVIDIA GeForce RTX 5090 Laptop GPU, 24006 MiB, 24463 MiB, 65, 35.21 W, 91 %
2026/09/25 08:14:31.356, NVIDIA GeForce RTX 5090 Laptop GPU, 24006 MiB, 24463 MiB, 65, 39.86 W, 92 %
2026/09/25 08:14:31.868, NVIDIA GeForce RTX 5090 Laptop GPU, 23996 MiB, 24463 MiB, 65, 25.49 W, 26 %
2026/09/25 08:14:32.371, NVIDIA GeForce RTX 5090 Laptop GPU, 23996 MiB, 24463 MiB, 66, 61.44 W, 37 %
2026/09/25 08:14:32.873, NVIDIA GeForce RTX 5090 Laptop GPU, 23996 MiB, 24463 MiB, 66, 81.81 W, 42 %
2026/09/25 08:14:33.375, NVIDIA GeForce RTX 5090 Laptop GPU, 23996 MiB, 24463 MiB, 69, 84.69 W, 79 %
2026/09/25 08:14:33.878, NVIDIA GeForce RTX 5090 Laptop GPU, 23996 MiB, 24463 MiB, 70, 84.77 W, 41 %
2026/09/25 08:14:34.379, NVIDIA GeForce RTX 5090 Laptop GPU, 23996 MiB, 24463 MiB, 69, 88.66 W, 75 %
2026/09/25 08:14:34.880, NVIDIA GeForce RTX 5090 Laptop GPU, 24006 MiB, 24463 MiB, 69, 43.50 W, 90 %
2026/09/25 08:14:35.382, NVIDIA GeForce RTX 5090 Laptop GPU, 24006 MiB, 24463 MiB, 67, 51.77 W, 91 %
2026/09/25 08:14:35.885, NVIDIA GeForce RTX 5090 Laptop GPU, 24006 MiB, 24463 MiB, 67, 51.79 W, 91 %
2026/09/25 08:14:36.387, NVIDIA GeForce RTX 5090 Laptop GPU, 24006 MiB, 24463 MiB, 67, 71.12 W, 87 %
2026/09/25 08:14:36.889, NVIDIA GeForce RTX 5090 Laptop GPU, 23996 MiB, 24463 MiB, 67, 45.79 W, 84 %
2026/09/25 08:14:37.391, NVIDIA GeForce RTX 5090 Laptop GPU, 23996 MiB, 24463 MiB, 66, 42.86 W, 91 %
2026/09/25 08:14:37.893, NVIDIA GeForce RTX 5090 Laptop GPU, 23996 MiB, 24463 MiB, 66, 61.22 W, 89 %
2026/09/25 08:14:38.399, NVIDIA GeForce RTX 5090 Laptop GPU, 23996 MiB, 24463 MiB, 66, 42.41 W, 90 %
2026/09/25 08:14:38.900, NVIDIA GeForce RTX 5090 Laptop GPU, 23996 MiB, 24463 MiB, 66, 46.63 W, 90 %
2026/09/25 08:14:39.402, NVIDIA GeForce RTX 5090 Laptop GPU, 23996 MiB, 24463 MiB, 66, 43.22 W, 90 %
2026/09/25 08:14:39.905, NVIDIA GeForce RTX 5090 Laptop GPU, 23996 MiB, 24463 MiB, 66, 39.80 W, 89 %
2026/09/25 08:14:40.406, NVIDIA GeForce RTX 5090 Laptop GPU, 23996 MiB, 24463 MiB, 66, 32.93 W, 90 %
2026/09/25 08:14:40.909, NVIDIA GeForce RTX 5090 Laptop GPU, 23996 MiB, 24463 MiB, 66, 41.59 W, 92 %
2026/09/25 08:14:41.410, NVIDIA GeForce RTX 5090 Laptop GPU, 23996 MiB, 24463 MiB, 66, 36.11 W, 91 %
2026/09/25 08:14:41.913, NVIDIA GeForce RTX 5090 Laptop GPU, 23996 MiB, 24463 MiB, 65, 41.39 W, 91 %
2026/09/25 08:14:42.414, NVIDIA GeForce RTX 5090 Laptop GPU, 23996 MiB, 24463 MiB, 65, 44.78 W, 91 %
2026/09/25 08:14:42.918, NVIDIA GeForce RTX 5090 Laptop GPU, 23996 MiB, 24463 MiB, 67, 40.70 W, 89 %
2026/09/25 08:14:43.420, NVIDIA GeForce RTX 5090 Laptop GPU, 23996 MiB, 24463 MiB, 66, 43.33 W, 88 %
2026/09/25 08:14:43.922, NVIDIA GeForce RTX 5090 Laptop GPU, 23996 MiB, 24463 MiB, 66, 42.17 W, 91 %
2026/09/25 08:14:44.424, NVIDIA GeForce RTX 5090 Laptop GPU, 23996 MiB, 24463 MiB, 66, 40.39 W, 89 %
2026/09/25 08:14:44.926, NVIDIA GeForce RTX 5090 Laptop GPU, 23996 MiB, 24463 MiB, 65, 40.94 W, 91 %
2026/09/25 08:14:45.428, NVIDIA GeForce RTX 5090 Laptop GPU, 23996 MiB, 24463 MiB, 65, 41.94 W, 90 %
2026/09/25 08:14:45.929, NVIDIA GeForce RTX 5090 Laptop GPU, 23996 MiB, 24463 MiB, 66, 35.17 W, 88 %
2026/09/25 08:14:46.432, NVIDIA GeForce RTX 5090 Laptop GPU, 23996 MiB, 24463 MiB, 65, 37.64 W, 88 %
2026/09/25 08:14:46.933, NVIDIA GeForce RTX 5090 Laptop GPU, 23996 MiB, 24463 MiB, 65, 39.50 W, 93 %
2026/09/25 08:14:47.435, NVIDIA GeForce RTX 5090 Laptop GPU, 23996 MiB, 24463 MiB, 65, 46.02 W, 91 %
2026/09/25 08:14:47.936, NVIDIA GeForce RTX 5090 Laptop GPU, 23986 MiB, 24463 MiB, 68, 60.78 W, 39 %
2026/09/25 08:14:48.439, NVIDIA GeForce RTX 5090 Laptop GPU, 23996 MiB, 24463 MiB, 66, 35.88 W, 38 %
2026/09/25 08:14:48.940, NVIDIA GeForce RTX 5090 Laptop GPU, 23996 MiB, 24463 MiB, 69, 68.38 W, 98 %
2026/09/25 08:14:49.442, NVIDIA GeForce RTX 5090 Laptop GPU, 23996 MiB, 24463 MiB, 68, 73.72 W, 98 %
2026/09/25 08:14:49.944, NVIDIA GeForce RTX 5090 Laptop GPU, 23996 MiB, 24463 MiB, 70, 92.14 W, 90 %
2026/09/25 08:14:50.446, NVIDIA GeForce RTX 5090 Laptop GPU, 24006 MiB, 24463 MiB, 69, 83.26 W, 94 %
2026/09/25 08:14:50.948, NVIDIA GeForce RTX 5090 Laptop GPU, 24006 MiB, 24463 MiB, 66, 38.16 W, 89 %
2026/09/25 08:14:51.450, NVIDIA GeForce RTX 5090 Laptop GPU, 24006 MiB, 24463 MiB, 66, 39.72 W, 90 %
2026/09/25 08:14:51.952, NVIDIA GeForce RTX 5090 Laptop GPU, 24006 MiB, 24463 MiB, 67, 41.63 W, 90 %
2026/09/25 08:14:52.466, NVIDIA GeForce RTX 5090 Laptop GPU, 23996 MiB, 24463 MiB, 66, 36.98 W, 87 %
2026/09/25 08:14:52.968, NVIDIA GeForce RTX 5090 Laptop GPU, 23996 MiB, 24463 MiB, 66, 43.24 W, 85 %
2026/09/25 08:14:53.470, NVIDIA GeForce RTX 5090 Laptop GPU, 23996 MiB, 24463 MiB, 66, 39.33 W, 91 %
2026/09/25 08:14:53.972, NVIDIA GeForce RTX 5090 Laptop GPU, 23996 MiB, 24463 MiB, 66, 39.66 W, 92 %
2026/09/25 08:14:54.476, NVIDIA GeForce RTX 5090 Laptop GPU, 23996 MiB, 24463 MiB, 66, 42.06 W, 90 %
2026/09/25 08:14:54.978, NVIDIA GeForce RTX 5090 Laptop GPU, 23996 MiB, 24463 MiB, 66, 41.69 W, 93 %
2026/09/25 08:14:55.480, NVIDIA GeForce RTX 5090 Laptop GPU, 23996 MiB, 24463 MiB, 66, 39.81 W, 88 %
2026/09/25 08:14:55.983, NVIDIA GeForce RTX 5090 Laptop GPU, 23996 MiB, 24463 MiB, 66, 34.55 W, 86 %
2026/09/25 08:14:56.486, NVIDIA GeForce RTX 5090 Laptop GPU, 23996 MiB, 24463 MiB, 66, 54.35 W, 90 %
2026/09/25 08:14:56.988, NVIDIA GeForce RTX 5090 Laptop GPU, 23996 MiB, 24463 MiB, 66, 40.95 W, 88 %
2026/09/25 08:14:57.489, NVIDIA GeForce RTX 5090 Laptop GPU, 23996 MiB, 24463 MiB, 65, 40.36 W, 91 %
2026/09/25 08:14:57.991, NVIDIA GeForce RTX 5090 Laptop GPU, 23996 MiB, 24463 MiB, 66, 39.07 W, 91 %
2026/09/25 08:14:58.494, NVIDIA GeForce RTX 5090 Laptop GPU, 23996 MiB, 24463 MiB, 66, 39.26 W, 89 %
2026/09/25 08:14:58.995, NVIDIA GeForce RTX 5090 Laptop GPU, 23996 MiB, 24463 MiB, 66, 39.81 W, 91 %
2026/09/25 08:14:59.497, NVIDIA GeForce RTX 5090 Laptop GPU, 23996 MiB, 24463 MiB, 66, 42.65 W, 87 %
2026/09/25 08:14:59.999, NVIDIA GeForce RTX 5090 Laptop GPU, 23996 MiB, 24463 MiB, 66, 41.47 W, 91 %
2026/09/25 08:15:00.502, NVIDIA GeForce RTX 5090 Laptop GPU, 23996 MiB, 24463 MiB, 65, 40.54 W, 90 %
2026/09/25 08:15:01.005, NVIDIA GeForce RTX 5090 Laptop GPU, 23996 MiB, 24463 MiB, 65, 40.72 W, 93 %
2026/09/25 08:15:01.507, NVIDIA GeForce RTX 5090 Laptop GPU, 23996 MiB, 24463 MiB, 66, 42.85 W, 91 %
2026/09/25 08:15:02.009, NVIDIA GeForce RTX 5090 Laptop GPU, 23996 MiB, 24463 MiB, 65, 41.72 W, 90 %
2026/09/25 08:15:02.511, NVIDIA GeForce RTX 5090 Laptop GPU, 23996 MiB, 24463 MiB, 65, 42.24 W, 87 %
2026/09/25 08:15:03.013, NVIDIA GeForce RTX 5090 Laptop GPU, 23996 MiB, 24463 MiB, 66, 43.83 W, 88 %
2026/09/25 08:15:03.515, NVIDIA GeForce RTX 5090 Laptop GPU, 23996 MiB, 24463 MiB, 66, 47.14 W, 68 %
2026/09/25 08:15:04.018, NVIDIA GeForce RTX 5090 Laptop GPU, 23987 MiB, 24463 MiB, 68, 87.46 W, 95 %
2026/09/25 08:15:04.520, NVIDIA GeForce RTX 5090 Laptop GPU, 23996 MiB, 24463 MiB, 66, 57.74 W, 45 %
2026/09/25 08:15:05.022, NVIDIA GeForce RTX 5090 Laptop GPU, 23996 MiB, 24463 MiB, 70, 72.45 W, 32 %
2026/09/25 08:15:05.524, NVIDIA GeForce RTX 5090 Laptop GPU, 23996 MiB, 24463 MiB, 69, 74.49 W, 98 %
2026/09/25 08:15:06.025, NVIDIA GeForce RTX 5090 Laptop GPU, 23996 MiB, 24463 MiB, 70, 85.92 W, 57 %
2026/09/25 08:15:06.528, NVIDIA GeForce RTX 5090 Laptop GPU, 24006 MiB, 24463 MiB, 67, 43.29 W, 79 %
2026/09/25 08:15:07.030, NVIDIA GeForce RTX 5090 Laptop GPU, 24006 MiB, 24463 MiB, 67, 58.37 W, 92 %
2026/09/25 08:15:07.531, NVIDIA GeForce RTX 5090 Laptop GPU, 24006 MiB, 24463 MiB, 67, 52.91 W, 84 %
2026/09/25 08:15:08.033, NVIDIA GeForce RTX 5090 Laptop GPU, 24006 MiB, 24463 MiB, 67, 54.40 W, 93 %
2026/09/25 08:15:08.535, NVIDIA GeForce RTX 5090 Laptop GPU, 23996 MiB, 24463 MiB, 67, 51.31 W, 86 %
2026/09/25 08:15:09.036, NVIDIA GeForce RTX 5090 Laptop GPU, 23996 MiB, 24463 MiB, 67, 55.88 W, 89 %
2026/09/25 08:15:09.538, NVIDIA GeForce RTX 5090 Laptop GPU, 23996 MiB, 24463 MiB, 67, 53.39 W, 89 %
2026/09/25 08:15:10.042, NVIDIA GeForce RTX 5090 Laptop GPU, 23996 MiB, 24463 MiB, 66, 41.82 W, 91 %
2026/09/25 08:15:10.543, NVIDIA GeForce RTX 5090 Laptop GPU, 23996 MiB, 24463 MiB, 66, 40.44 W, 90 %
2026/09/25 08:15:11.046, NVIDIA GeForce RTX 5090 Laptop GPU, 23996 MiB, 24463 MiB, 66, 54.39 W, 93 %
2026/09/25 08:15:11.549, NVIDIA GeForce RTX 5090 Laptop GPU, 23996 MiB, 24463 MiB, 66, 41.18 W, 85 %
2026/09/25 08:15:12.052, NVIDIA GeForce RTX 5090 Laptop GPU, 23996 MiB, 24463 MiB, 66, 41.08 W, 85 %
2026/09/25 08:15:12.554, NVIDIA GeForce RTX 5090 Laptop GPU, 23996 MiB, 24463 MiB, 66, 40.25 W, 86 %
2026/09/25 08:15:13.067, NVIDIA GeForce RTX 5090 Laptop GPU, 23996 MiB, 24463 MiB, 66, 40.31 W, 91 %
2026/09/25 08:15:13.569, NVIDIA GeForce RTX 5090 Laptop GPU, 23996 MiB, 24463 MiB, 67, 40.83 W, 91 %
2026/09/25 08:15:14.072, NVIDIA GeForce RTX 5090 Laptop GPU, 23996 MiB, 24463 MiB, 66, 40.15 W, 91 %
2026/09/25 08:15:14.574, NVIDIA GeForce RTX 5090 Laptop GPU, 23996 MiB, 24463 MiB, 66, 39.95 W, 90 %
2026/09/25 08:15:15.076, NVIDIA GeForce RTX 5090 Laptop GPU, 23996 MiB, 24463 MiB, 66, 40.38 W, 89 %
2026/09/25 08:15:15.578, NVIDIA GeForce RTX 5090 Laptop GPU, 23996 MiB, 24463 MiB, 66, 39.07 W, 89 %
2026/09/25 08:15:16.079, NVIDIA GeForce RTX 5090 Laptop GPU, 23996 MiB, 24463 MiB, 66, 35.80 W, 90 %
2026/09/25 08:15:16.581, NVIDIA GeForce RTX 5090 Laptop GPU, 23996 MiB, 24463 MiB, 66, 42.90 W, 89 %
2026/09/25 08:15:17.083, NVIDIA GeForce RTX 5090 Laptop GPU, 23996 MiB, 24463 MiB, 66, 53.91 W, 91 %
2026/09/25 08:15:17.585, NVIDIA GeForce RTX 5090 Laptop GPU, 23996 MiB, 24463 MiB, 67, 35.83 W, 90 %
2026/09/25 08:15:18.087, NVIDIA GeForce RTX 5090 Laptop GPU, 23996 MiB, 24463 MiB, 66, 35.49 W, 90 %
2026/09/25 08:15:18.589, NVIDIA GeForce RTX 5090 Laptop GPU, 23996 MiB, 24463 MiB, 67, 40.30 W, 91 %
2026/09/25 08:15:19.090, NVIDIA GeForce RTX 5090 Laptop GPU, 23996 MiB, 24463 MiB, 66, 40.48 W, 89 %
2026/09/25 08:15:19.592, NVIDIA GeForce RTX 5090 Laptop GPU, 23922 MiB, 24463 MiB, 67, 84.91 W, 14 %
2026/09/25 08:15:20.094, NVIDIA GeForce RTX 5090 Laptop GPU, 23996 MiB, 24463 MiB, 68, 66.61 W, 93 %
2026/09/25 08:15:20.595, NVIDIA GeForce RTX 5090 Laptop GPU, 23996 MiB, 24463 MiB, 68, 80.74 W, 36 %
2026/09/25 08:15:21.097, NVIDIA GeForce RTX 5090 Laptop GPU, 24002 MiB, 24463 MiB, 70, 87.51 W, 45 %
2026/09/25 08:15:21.599, NVIDIA GeForce RTX 5090 Laptop GPU, 23996 MiB, 24463 MiB, 70, 84.53 W, 22 %
2026/09/25 08:15:22.101, NVIDIA GeForce RTX 5090 Laptop GPU, 23996 MiB, 24463 MiB, 70, 83.13 W, 72 %
2026/09/25 08:15:22.603, NVIDIA GeForce RTX 5090 Laptop GPU, 23996 MiB, 24463 MiB, 69, 34.59 W, 69 %
2026/09/25 08:15:23.105, NVIDIA GeForce RTX 5090 Laptop GPU, 23996 MiB, 24463 MiB, 67, 59.32 W, 92 %
2026/09/25 08:15:23.607, NVIDIA GeForce RTX 5090 Laptop GPU, 23996 MiB, 24463 MiB, 68, 56.61 W, 93 %
2026/09/25 08:15:24.109, NVIDIA GeForce RTX 5090 Laptop GPU, 23996 MiB, 24463 MiB, 67, 51.73 W, 91 %
2026/09/25 08:15:24.610, NVIDIA GeForce RTX 5090 Laptop GPU, 23996 MiB, 24463 MiB, 67, 53.24 W, 78 %
2026/09/25 08:15:25.112, NVIDIA GeForce RTX 5090 Laptop GPU, 23996 MiB, 24463 MiB, 67, 53.98 W, 88 %
2026/09/25 08:15:25.613, NVIDIA GeForce RTX 5090 Laptop GPU, 23996 MiB, 24463 MiB, 67, 51.23 W, 87 %
2026/09/25 08:15:26.115, NVIDIA GeForce RTX 5090 Laptop GPU, 24010 MiB, 24463 MiB, 67, 54.34 W, 93 %
2026/09/25 08:15:26.617, NVIDIA GeForce RTX 5090 Laptop GPU, 24010 MiB, 24463 MiB, 67, 53.11 W, 91 %
2026/09/25 08:15:27.119, NVIDIA GeForce RTX 5090 Laptop GPU, 24010 MiB, 24463 MiB, 67, 53.28 W, 92 %
2026/09/25 08:15:27.622, NVIDIA GeForce RTX 5090 Laptop GPU, 24010 MiB, 24463 MiB, 67, 46.85 W, 90 %
2026/09/25 08:15:28.124, NVIDIA GeForce RTX 5090 Laptop GPU, 24010 MiB, 24463 MiB, 66, 42.22 W, 89 %
2026/09/25 08:15:28.626, NVIDIA GeForce RTX 5090 Laptop GPU, 24010 MiB, 24463 MiB, 66, 41.26 W, 87 %
2026/09/25 08:15:29.128, NVIDIA GeForce RTX 5090 Laptop GPU, 24010 MiB, 24463 MiB, 66, 33.04 W, 92 %
2026/09/25 08:15:29.630, NVIDIA GeForce RTX 5090 Laptop GPU, 24010 MiB, 24463 MiB, 67, 40.41 W, 94 %
2026/09/25 08:15:30.132, NVIDIA GeForce RTX 5090 Laptop GPU, 24010 MiB, 24463 MiB, 66, 40.40 W, 92 %
2026/09/25 08:15:30.634, NVIDIA GeForce RTX 5090 Laptop GPU, 24010 MiB, 24463 MiB, 66, 39.10 W, 93 %
2026/09/25 08:15:31.136, NVIDIA GeForce RTX 5090 Laptop GPU, 24006 MiB, 24463 MiB, 66, 41.46 W, 90 %
2026/09/25 08:15:31.639, NVIDIA GeForce RTX 5090 Laptop GPU, 24006 MiB, 24463 MiB, 66, 39.25 W, 89 %
2026/09/25 08:15:32.140, NVIDIA GeForce RTX 5090 Laptop GPU, 24006 MiB, 24463 MiB, 66, 50.71 W, 92 %
2026/09/25 08:15:32.642, NVIDIA GeForce RTX 5090 Laptop GPU, 23996 MiB, 24463 MiB, 66, 53.77 W, 91 %
2026/09/25 08:15:33.144, NVIDIA GeForce RTX 5090 Laptop GPU, 23996 MiB, 24463 MiB, 66, 41.11 W, 91 %
2026/09/25 08:15:33.647, NVIDIA GeForce RTX 5090 Laptop GPU, 23996 MiB, 24463 MiB, 66, 43.24 W, 91 %
2026/09/25 08:15:34.149, NVIDIA GeForce RTX 5090 Laptop GPU, 23996 MiB, 24463 MiB, 67, 41.18 W, 88 %
2026/09/25 08:15:34.650, NVIDIA GeForce RTX 5090 Laptop GPU, 23996 MiB, 24463 MiB, 66, 38.61 W, 90 %
2026/09/25 08:15:35.154, NVIDIA GeForce RTX 5090 Laptop GPU, 23996 MiB, 24463 MiB, 66, 39.66 W, 89 %
2026/09/25 08:15:35.658, NVIDIA GeForce RTX 5090 Laptop GPU, 23986 MiB, 24463 MiB, 68, 54.49 W, 35 %
2026/09/25 08:15:36.160, NVIDIA GeForce RTX 5090 Laptop GPU, 23996 MiB, 24463 MiB, 70, 69.87 W, 26 %
2026/09/25 08:15:36.662, NVIDIA GeForce RTX 5090 Laptop GPU, 23996 MiB, 24463 MiB, 68, 91.09 W, 36 %
2026/09/25 08:15:37.164, NVIDIA GeForce RTX 5090 Laptop GPU, 23996 MiB, 24463 MiB, 70, 84.24 W, 48 %
2026/09/25 08:15:37.666, NVIDIA GeForce RTX 5090 Laptop GPU, 23996 MiB, 24463 MiB, 70, 83.31 W, 29 %
2026/09/25 08:15:38.167, NVIDIA GeForce RTX 5090 Laptop GPU, 23996 MiB, 24463 MiB, 70, 92.28 W, 34 %
2026/09/25 08:15:38.669, NVIDIA GeForce RTX 5090 Laptop GPU, 24006 MiB, 24463 MiB, 70, 31.43 W, 27 %
2026/09/25 08:15:39.171, NVIDIA GeForce RTX 5090 Laptop GPU, 24006 MiB, 24463 MiB, 67, 40.74 W, 89 %
2026/09/25 08:15:39.673, NVIDIA GeForce RTX 5090 Laptop GPU, 24006 MiB, 24463 MiB, 67, 40.07 W, 91 %
2026/09/25 08:15:40.176, NVIDIA GeForce RTX 5090 Laptop GPU, 24006 MiB, 24463 MiB, 67, 41.44 W, 92 %
2026/09/25 08:15:40.678, NVIDIA GeForce RTX 5090 Laptop GPU, 23996 MiB, 24463 MiB, 67, 39.54 W, 71 %
2026/09/25 08:15:41.181, NVIDIA GeForce RTX 5090 Laptop GPU, 23996 MiB, 24463 MiB, 66, 40.82 W, 92 %
2026/09/25 08:15:41.684, NVIDIA GeForce RTX 5090 Laptop GPU, 23996 MiB, 24463 MiB, 67, 38.39 W, 85 %
2026/09/25 08:15:42.189, NVIDIA GeForce RTX 5090 Laptop GPU, 23996 MiB, 24463 MiB, 66, 40.92 W, 88 %
2026/09/25 08:15:42.692, NVIDIA GeForce RTX 5090 Laptop GPU, 23996 MiB, 24463 MiB, 67, 40.20 W, 89 %
2026/09/25 08:15:43.196, NVIDIA GeForce RTX 5090 Laptop GPU, 23996 MiB, 24463 MiB, 67, 41.33 W, 93 %
2026/09/25 08:15:43.698, NVIDIA GeForce RTX 5090 Laptop GPU, 23996 MiB, 24463 MiB, 67, 35.39 W, 92 %
2026/09/25 08:15:44.199, NVIDIA GeForce RTX 5090 Laptop GPU, 23996 MiB, 24463 MiB, 66, 40.75 W, 91 %
2026/09/25 08:15:44.701, NVIDIA GeForce RTX 5090 Laptop GPU, 23996 MiB, 24463 MiB, 66, 39.94 W, 89 %
2026/09/25 08:15:45.203, NVIDIA GeForce RTX 5090 Laptop GPU, 23996 MiB, 24463 MiB, 66, 43.71 W, 87 %
2026/09/25 08:15:45.705, NVIDIA GeForce RTX 5090 Laptop GPU, 23996 MiB, 24463 MiB, 66, 41.33 W, 92 %
2026/09/25 08:15:46.207, NVIDIA GeForce RTX 5090 Laptop GPU, 23996 MiB, 24463 MiB, 66, 36.15 W, 91 %
2026/09/25 08:15:46.709, NVIDIA GeForce RTX 5090 Laptop GPU, 23996 MiB, 24463 MiB, 68, 40.53 W, 90 %
2026/09/25 08:15:47.211, NVIDIA GeForce RTX 5090 Laptop GPU, 23996 MiB, 24463 MiB, 66, 40.37 W, 92 %
2026/09/25 08:15:47.714, NVIDIA GeForce RTX 5090 Laptop GPU, 23996 MiB, 24463 MiB, 66, 40.00 W, 90 %
2026/09/25 08:15:48.216, NVIDIA GeForce RTX 5090 Laptop GPU, 23996 MiB, 24463 MiB, 66, 41.94 W, 89 %
2026/09/25 08:15:48.718, NVIDIA GeForce RTX 5090 Laptop GPU, 23996 MiB, 24463 MiB, 66, 40.37 W, 92 %
2026/09/25 08:15:49.220, NVIDIA GeForce RTX 5090 Laptop GPU, 23996 MiB, 24463 MiB, 66, 43.89 W, 91 %
2026/09/25 08:15:49.722, NVIDIA GeForce RTX 5090 Laptop GPU, 23996 MiB, 24463 MiB, 66, 74.91 W, 92 %
2026/09/25 08:15:50.227, NVIDIA GeForce RTX 5090 Laptop GPU, 23996 MiB, 24463 MiB, 66, 46.83 W, 92 %
2026/09/25 08:15:50.729, NVIDIA GeForce RTX 5090 Laptop GPU, 23996 MiB, 24463 MiB, 66, 45.53 W, 89 %
2026/09/25 08:15:51.231, NVIDIA GeForce RTX 5090 Laptop GPU, 23996 MiB, 24463 MiB, 66, 44.45 W, 88 %
2026/09/25 08:15:51.732, NVIDIA GeForce RTX 5090 Laptop GPU, 23996 MiB, 24463 MiB, 67, 49.82 W, 52 %
2026/09/25 08:15:52.234, NVIDIA GeForce RTX 5090 Laptop GPU, 23986 MiB, 24463 MiB, 66, 89.44 W, 69 %
2026/09/25 08:15:52.737, NVIDIA GeForce RTX 5090 Laptop GPU, 23996 MiB, 24463 MiB, 69, 63.67 W, 23 %
2026/09/25 08:15:53.239, NVIDIA GeForce RTX 5090 Laptop GPU, 23996 MiB, 24463 MiB, 70, 75.91 W, 75 %
2026/09/25 08:15:53.741, NVIDIA GeForce RTX 5090 Laptop GPU, 23996 MiB, 24463 MiB, 70, 83.39 W, 80 %
2026/09/25 08:15:54.243, NVIDIA GeForce RTX 5090 Laptop GPU, 23996 MiB, 24463 MiB, 70, 81.86 W, 62 %
2026/09/25 08:15:54.746, NVIDIA GeForce RTX 5090 Laptop GPU, 24007 MiB, 24463 MiB, 70, 97.03 W, 16 %
2026/09/25 08:15:55.248, NVIDIA GeForce RTX 5090 Laptop GPU, 24007 MiB, 24463 MiB, 69, 30.81 W, 10 %
2026/09/25 08:15:55.751, NVIDIA GeForce RTX 5090 Laptop GPU, 24007 MiB, 24463 MiB, 67, 49.28 W, 83 %
2026/09/25 08:15:56.259, NVIDIA GeForce RTX 5090 Laptop GPU, 24007 MiB, 24463 MiB, 68, 54.40 W, 88 %
2026/09/25 08:15:56.762, NVIDIA GeForce RTX 5090 Laptop GPU, 24007 MiB, 24463 MiB, 68, 50.19 W, 81 %
2026/09/25 08:15:57.263, NVIDIA GeForce RTX 5090 Laptop GPU, 24007 MiB, 24463 MiB, 67, 53.71 W, 92 %
2026/09/25 08:15:57.765, NVIDIA GeForce RTX 5090 Laptop GPU, 24007 MiB, 24463 MiB, 68, 39.60 W, 92 %
2026/09/25 08:15:58.267, NVIDIA GeForce RTX 5090 Laptop GPU, 24007 MiB, 24463 MiB, 67, 35.56 W, 90 %
2026/09/25 08:15:58.768, NVIDIA GeForce RTX 5090 Laptop GPU, 24007 MiB, 24463 MiB, 67, 64.49 W, 86 %
2026/09/25 08:15:59.272, NVIDIA GeForce RTX 5090 Laptop GPU, 24007 MiB, 24463 MiB, 67, 53.35 W, 91 %
2026/09/25 08:15:59.775, NVIDIA GeForce RTX 5090 Laptop GPU, 24007 MiB, 24463 MiB, 67, 41.74 W, 88 %
2026/09/25 08:16:00.277, NVIDIA GeForce RTX 5090 Laptop GPU, 24007 MiB, 24463 MiB, 67, 41.84 W, 90 %
2026/09/25 08:16:00.779, NVIDIA GeForce RTX 5090 Laptop GPU, 24007 MiB, 24463 MiB, 66, 41.38 W, 91 %
2026/09/25 08:16:01.281, NVIDIA GeForce RTX 5090 Laptop GPU, 24007 MiB, 24463 MiB, 66, 36.06 W, 87 %
2026/09/25 08:16:01.783, NVIDIA GeForce RTX 5090 Laptop GPU, 24007 MiB, 24463 MiB, 67, 41.48 W, 89 %
2026/09/25 08:16:02.285, NVIDIA GeForce RTX 5090 Laptop GPU, 24007 MiB, 24463 MiB, 67, 41.69 W, 92 %
2026/09/25 08:16:02.787, NVIDIA GeForce RTX 5090 Laptop GPU, 24007 MiB, 24463 MiB, 66, 40.27 W, 92 %
2026/09/25 08:16:03.288, NVIDIA GeForce RTX 5090 Laptop GPU, 24007 MiB, 24463 MiB, 67, 35.60 W, 91 %
2026/09/25 08:16:03.791, NVIDIA GeForce RTX 5090 Laptop GPU, 24007 MiB, 24463 MiB, 66, 43.72 W, 91 %
2026/09/25 08:16:04.293, NVIDIA GeForce RTX 5090 Laptop GPU, 24007 MiB, 24463 MiB, 66, 40.28 W, 88 %
2026/09/25 08:16:04.795, NVIDIA GeForce RTX 5090 Laptop GPU, 24007 MiB, 24463 MiB, 66, 42.50 W, 89 %
2026/09/25 08:16:05.297, NVIDIA GeForce RTX 5090 Laptop GPU, 24007 MiB, 24463 MiB, 66, 41.51 W, 91 %
2026/09/25 08:16:05.799, NVIDIA GeForce RTX 5090 Laptop GPU, 24007 MiB, 24463 MiB, 66, 40.20 W, 91 %
2026/09/25 08:16:06.300, NVIDIA GeForce RTX 5090 Laptop GPU, 24007 MiB, 24463 MiB, 66, 40.51 W, 91 %
2026/09/25 08:16:06.802, NVIDIA GeForce RTX 5090 Laptop GPU, 24007 MiB, 24463 MiB, 66, 45.84 W, 92 %
2026/09/25 08:16:07.304, NVIDIA GeForce RTX 5090 Laptop GPU, 24007 MiB, 24463 MiB, 66, 36.16 W, 88 %
2026/09/25 08:16:07.806, NVIDIA GeForce RTX 5090 Laptop GPU, 24007 MiB, 24463 MiB, 66, 39.86 W, 87 %
2026/09/25 08:16:08.307, NVIDIA GeForce RTX 5090 Laptop GPU, 24007 MiB, 24463 MiB, 66, 40.49 W, 93 %
2026/09/25 08:16:08.814, NVIDIA GeForce RTX 5090 Laptop GPU, 23997 MiB, 24463 MiB, 67, 50.04 W, 19 %
2026/09/25 08:16:09.317, NVIDIA GeForce RTX 5090 Laptop GPU, 24007 MiB, 24463 MiB, 68, 68.60 W, 94 %
2026/09/25 08:16:09.820, NVIDIA GeForce RTX 5090 Laptop GPU, 23996 MiB, 24463 MiB, 69, 76.22 W, 94 %
2026/09/25 08:16:10.321, NVIDIA GeForce RTX 5090 Laptop GPU, 23996 MiB, 24463 MiB, 70, 80.36 W, 31 %
2026/09/25 08:16:10.823, NVIDIA GeForce RTX 5090 Laptop GPU, 23996 MiB, 24463 MiB, 70, 88.56 W, 37 %
2026/09/25 08:16:11.324, NVIDIA GeForce RTX 5090 Laptop GPU, 23996 MiB, 24463 MiB, 70, 77.84 W, 55 %
2026/09/25 08:16:11.825, NVIDIA GeForce RTX 5090 Laptop GPU, 23996 MiB, 24463 MiB, 69, 45.95 W, 85 %
2026/09/25 08:16:12.329, NVIDIA GeForce RTX 5090 Laptop GPU, 23996 MiB, 24463 MiB, 68, 51.92 W, 90 %
2026/09/25 08:16:12.831, NVIDIA GeForce RTX 5090 Laptop GPU, 23996 MiB, 24463 MiB, 68, 52.94 W, 92 %
2026/09/25 08:16:13.333, NVIDIA GeForce RTX 5090 Laptop GPU, 23996 MiB, 24463 MiB, 68, 55.86 W, 90 %
2026/09/25 08:16:13.835, NVIDIA GeForce RTX 5090 Laptop GPU, 23996 MiB, 24463 MiB, 68, 34.45 W, 84 %
2026/09/25 08:16:14.338, NVIDIA GeForce RTX 5090 Laptop GPU, 23996 MiB, 24463 MiB, 67, 38.21 W, 89 %
2026/09/25 08:16:14.840, NVIDIA GeForce RTX 5090 Laptop GPU, 23996 MiB, 24463 MiB, 67, 40.12 W, 86 %
2026/09/25 08:16:15.342, NVIDIA GeForce RTX 5090 Laptop GPU, 23996 MiB, 24463 MiB, 67, 39.61 W, 93 %
2026/09/25 08:16:15.843, NVIDIA GeForce RTX 5090 Laptop GPU, 23996 MiB, 24463 MiB, 67, 47.96 W, 92 %
2026/09/25 08:16:16.345, NVIDIA GeForce RTX 5090 Laptop GPU, 23996 MiB, 24463 MiB, 66, 54.87 W, 92 %
2026/09/25 08:16:16.847, NVIDIA GeForce RTX 5090 Laptop GPU, 23996 MiB, 24463 MiB, 66, 41.37 W, 90 %
2026/09/25 08:16:17.348, NVIDIA GeForce RTX 5090 Laptop GPU, 23996 MiB, 24463 MiB, 66, 35.23 W, 90 %
2026/09/25 08:16:17.850, NVIDIA GeForce RTX 5090 Laptop GPU, 23996 MiB, 24463 MiB, 66, 40.41 W, 89 %
2026/09/25 08:16:18.352, NVIDIA GeForce RTX 5090 Laptop GPU, 23996 MiB, 24463 MiB, 66, 42.17 W, 89 %
2026/09/25 08:16:18.854, NVIDIA GeForce RTX 5090 Laptop GPU, 23996 MiB, 24463 MiB, 66, 40.75 W, 93 %
2026/09/25 08:16:19.356, NVIDIA GeForce RTX 5090 Laptop GPU, 23996 MiB, 24463 MiB, 68, 36.18 W, 89 %
2026/09/25 08:16:19.868, NVIDIA GeForce RTX 5090 Laptop GPU, 23996 MiB, 24463 MiB, 66, 43.21 W, 91 %
2026/09/25 08:16:20.371, NVIDIA GeForce RTX 5090 Laptop GPU, 23996 MiB, 24463 MiB, 66, 41.11 W, 90 %
2026/09/25 08:16:20.873, NVIDIA GeForce RTX 5090 Laptop GPU, 23996 MiB, 24463 MiB, 66, 50.83 W, 88 %
2026/09/25 08:16:21.375, NVIDIA GeForce RTX 5090 Laptop GPU, 23996 MiB, 24463 MiB, 66, 47.18 W, 88 %
2026/09/25 08:16:21.877, NVIDIA GeForce RTX 5090 Laptop GPU, 23996 MiB, 24463 MiB, 66, 40.22 W, 91 %
2026/09/25 08:16:22.379, NVIDIA GeForce RTX 5090 Laptop GPU, 23996 MiB, 24463 MiB, 66, 35.95 W, 91 %
2026/09/25 08:16:22.881, NVIDIA GeForce RTX 5090 Laptop GPU, 23996 MiB, 24463 MiB, 66, 41.65 W, 91 %
2026/09/25 08:16:23.384, NVIDIA GeForce RTX 5090 Laptop GPU, 23996 MiB, 24463 MiB, 66, 40.79 W, 91 %
2026/09/25 08:16:23.885, NVIDIA GeForce RTX 5090 Laptop GPU, 23996 MiB, 24463 MiB, 66, 40.37 W, 89 %
2026/09/25 08:16:24.387, NVIDIA GeForce RTX 5090 Laptop GPU, 23996 MiB, 24463 MiB, 66, 41.20 W, 88 %
2026/09/25 08:16:24.889, NVIDIA GeForce RTX 5090 Laptop GPU, 23987 MiB, 24463 MiB, 66, 28.50 W, 25 %
2026/09/25 08:16:25.391, NVIDIA GeForce RTX 5090 Laptop GPU, 24010 MiB, 24463 MiB, 68, 59.63 W, 31 %
2026/09/25 08:16:25.893, NVIDIA GeForce RTX 5090 Laptop GPU, 24010 MiB, 24463 MiB, 67, 92.28 W, 81 %
2026/09/25 08:16:26.395, NVIDIA GeForce RTX 5090 Laptop GPU, 24010 MiB, 24463 MiB, 70, 85.13 W, 98 %
2026/09/25 08:16:26.896, NVIDIA GeForce RTX 5090 Laptop GPU, 24010 MiB, 24463 MiB, 69, 94.86 W, 75 %
2026/09/25 08:16:27.399, NVIDIA GeForce RTX 5090 Laptop GPU, 24010 MiB, 24463 MiB, 71, 86.80 W, 65 %
2026/09/25 08:16:27.901, NVIDIA GeForce RTX 5090 Laptop GPU, 24010 MiB, 24463 MiB, 69, 43.53 W, 87 %
2026/09/25 08:16:28.405, NVIDIA GeForce RTX 5090 Laptop GPU, 24010 MiB, 24463 MiB, 67, 42.89 W, 88 %
2026/09/25 08:16:28.910, NVIDIA GeForce RTX 5090 Laptop GPU, 24010 MiB, 24463 MiB, 66, 36.05 W, 91 %
2026/09/25 08:16:29.412, NVIDIA GeForce RTX 5090 Laptop GPU, 24010 MiB, 24463 MiB, 67, 41.99 W, 91 %
2026/09/25 08:16:29.914, NVIDIA GeForce RTX 5090 Laptop GPU, 24006 MiB, 24463 MiB, 67, 35.02 W, 80 %
2026/09/25 08:16:30.416, NVIDIA GeForce RTX 5090 Laptop GPU, 24006 MiB, 24463 MiB, 67, 38.42 W, 88 %
2026/09/25 08:16:30.927, NVIDIA GeForce RTX 5090 Laptop GPU, 24006 MiB, 24463 MiB, 66, 42.76 W, 92 %
2026/09/25 08:16:31.429, NVIDIA GeForce RTX 5090 Laptop GPU, 23996 MiB, 24463 MiB, 66, 51.34 W, 89 %
2026/09/25 08:16:31.930, NVIDIA GeForce RTX 5090 Laptop GPU, 23996 MiB, 24463 MiB, 66, 42.81 W, 92 %
2026/09/25 08:16:32.432, NVIDIA GeForce RTX 5090 Laptop GPU, 23996 MiB, 24463 MiB, 66, 39.36 W, 90 %
2026/09/25 08:16:32.935, NVIDIA GeForce RTX 5090 Laptop GPU, 23996 MiB, 24463 MiB, 66, 40.01 W, 90 %
2026/09/25 08:16:33.437, NVIDIA GeForce RTX 5090 Laptop GPU, 23996 MiB, 24463 MiB, 66, 38.63 W, 90 %
2026/09/25 08:16:33.939, NVIDIA GeForce RTX 5090 Laptop GPU, 23996 MiB, 24463 MiB, 66, 40.13 W, 89 %
2026/09/25 08:16:34.441, NVIDIA GeForce RTX 5090 Laptop GPU, 23996 MiB, 24463 MiB, 66, 40.62 W, 89 %
2026/09/25 08:16:34.944, NVIDIA GeForce RTX 5090 Laptop GPU, 23996 MiB, 24463 MiB, 66, 41.72 W, 91 %
2026/09/25 08:16:35.446, NVIDIA GeForce RTX 5090 Laptop GPU, 23996 MiB, 24463 MiB, 67, 41.23 W, 92 %
2026/09/25 08:16:35.949, NVIDIA GeForce RTX 5090 Laptop GPU, 23996 MiB, 24463 MiB, 66, 43.42 W, 89 %
2026/09/25 08:16:36.451, NVIDIA GeForce RTX 5090 Laptop GPU, 23996 MiB, 24463 MiB, 66, 41.55 W, 90 %
2026/09/25 08:16:36.954, NVIDIA GeForce RTX 5090 Laptop GPU, 23996 MiB, 24463 MiB, 66, 41.02 W, 91 %
2026/09/25 08:16:37.464, NVIDIA GeForce RTX 5090 Laptop GPU, 23996 MiB, 24463 MiB, 66, 41.13 W, 87 %
2026/09/25 08:16:37.966, NVIDIA GeForce RTX 5090 Laptop GPU, 23996 MiB, 24463 MiB, 66, 40.34 W, 89 %
2026/09/25 08:16:38.467, NVIDIA GeForce RTX 5090 Laptop GPU, 23996 MiB, 24463 MiB, 66, 36.23 W, 89 %
2026/09/25 08:16:38.970, NVIDIA GeForce RTX 5090 Laptop GPU, 23996 MiB, 24463 MiB, 66, 39.44 W, 93 %
2026/09/25 08:16:39.472, NVIDIA GeForce RTX 5090 Laptop GPU, 23996 MiB, 24463 MiB, 66, 40.03 W, 90 %
2026/09/25 08:16:39.974, NVIDIA GeForce RTX 5090 Laptop GPU, 23996 MiB, 24463 MiB, 65, 35.96 W, 91 %
2026/09/25 08:16:40.476, NVIDIA GeForce RTX 5090 Laptop GPU, 23996 MiB, 24463 MiB, 66, 39.29 W, 88 %
2026/09/25 08:16:40.978, NVIDIA GeForce RTX 5090 Laptop GPU, 23986 MiB, 24463 MiB, 67, 56.01 W, 60 %
2026/09/25 08:16:41.479, NVIDIA GeForce RTX 5090 Laptop GPU, 23986 MiB, 24463 MiB, 66, 59.88 W, 29 %
2026/09/25 08:16:41.981, NVIDIA GeForce RTX 5090 Laptop GPU, 23986 MiB, 24463 MiB, 70, 62.85 W, 89 %
2026/09/25 08:16:42.483, NVIDIA GeForce RTX 5090 Laptop GPU, 23986 MiB, 24463 MiB, 70, 79.88 W, 31 %
2026/09/25 08:16:42.984, NVIDIA GeForce RTX 5090 Laptop GPU, 23986 MiB, 24463 MiB, 69, 79.04 W, 42 %
2026/09/25 08:16:43.486, NVIDIA GeForce RTX 5090 Laptop GPU, 23986 MiB, 24463 MiB, 69, 82.84 W, 64 %
2026/09/25 08:16:43.987, NVIDIA GeForce RTX 5090 Laptop GPU, 23996 MiB, 24463 MiB, 67, 44.32 W, 79 %
2026/09/25 08:16:44.489, NVIDIA GeForce RTX 5090 Laptop GPU, 23996 MiB, 24463 MiB, 67, 48.33 W, 90 %
2026/09/25 08:16:44.991, NVIDIA GeForce RTX 5090 Laptop GPU, 23996 MiB, 24463 MiB, 67, 56.07 W, 93 %
2026/09/25 08:16:45.493, NVIDIA GeForce RTX 5090 Laptop GPU, 23996 MiB, 24463 MiB, 67, 52.85 W, 90 %
2026/09/25 08:16:45.994, NVIDIA GeForce RTX 5090 Laptop GPU, 23996 MiB, 24463 MiB, 66, 41.59 W, 92 %
2026/09/25 08:16:46.496, NVIDIA GeForce RTX 5090 Laptop GPU, 23996 MiB, 24463 MiB, 66, 41.05 W, 90 %
2026/09/25 08:16:46.998, NVIDIA GeForce RTX 5090 Laptop GPU, 23996 MiB, 24463 MiB, 66, 37.97 W, 89 %
2026/09/25 08:16:47.500, NVIDIA GeForce RTX 5090 Laptop GPU, 23996 MiB, 24463 MiB, 66, 39.91 W, 91 %
2026/09/25 08:16:48.005, NVIDIA GeForce RTX 5090 Laptop GPU, 23996 MiB, 24463 MiB, 67, 43.33 W, 92 %
2026/09/25 08:16:48.507, NVIDIA GeForce RTX 5090 Laptop GPU, 23996 MiB, 24463 MiB, 66, 40.90 W, 90 %
2026/09/25 08:16:49.009, NVIDIA GeForce RTX 5090 Laptop GPU, 23996 MiB, 24463 MiB, 66, 41.07 W, 92 %
2026/09/25 08:16:49.511, NVIDIA GeForce RTX 5090 Laptop GPU, 23996 MiB, 24463 MiB, 66, 45.60 W, 87 %
2026/09/25 08:16:50.013, NVIDIA GeForce RTX 5090 Laptop GPU, 23996 MiB, 24463 MiB, 66, 42.37 W, 89 %
2026/09/25 08:16:50.515, NVIDIA GeForce RTX 5090 Laptop GPU, 23996 MiB, 24463 MiB, 66, 35.29 W, 88 %
2026/09/25 08:16:51.017, NVIDIA GeForce RTX 5090 Laptop GPU, 23996 MiB, 24463 MiB, 66, 37.29 W, 90 %
2026/09/25 08:16:51.519, NVIDIA GeForce RTX 5090 Laptop GPU, 23996 MiB, 24463 MiB, 66, 42.16 W, 91 %
2026/09/25 08:16:52.021, NVIDIA GeForce RTX 5090 Laptop GPU, 23996 MiB, 24463 MiB, 66, 35.44 W, 91 %
2026/09/25 08:16:52.523, NVIDIA GeForce RTX 5090 Laptop GPU, 23996 MiB, 24463 MiB, 66, 39.84 W, 89 %
2026/09/25 08:16:53.024, NVIDIA GeForce RTX 5090 Laptop GPU, 23996 MiB, 24463 MiB, 66, 40.66 W, 93 %
2026/09/25 08:16:53.527, NVIDIA GeForce RTX 5090 Laptop GPU, 23996 MiB, 24463 MiB, 67, 50.65 W, 87 %
2026/09/25 08:16:54.029, NVIDIA GeForce RTX 5090 Laptop GPU, 23996 MiB, 24463 MiB, 66, 42.79 W, 88 %
2026/09/25 08:16:54.531, NVIDIA GeForce RTX 5090 Laptop GPU, 23996 MiB, 24463 MiB, 66, 48.46 W, 91 %
2026/09/25 08:16:55.032, NVIDIA GeForce RTX 5090 Laptop GPU, 23996 MiB, 24463 MiB, 66, 43.56 W, 91 %
2026/09/25 08:16:55.534, NVIDIA GeForce RTX 5090 Laptop GPU, 23996 MiB, 24463 MiB, 66, 41.77 W, 85 %
2026/09/25 08:16:56.036, NVIDIA GeForce RTX 5090 Laptop GPU, 23996 MiB, 24463 MiB, 66, 40.47 W, 93 %
2026/09/25 08:16:56.539, NVIDIA GeForce RTX 5090 Laptop GPU, 23996 MiB, 24463 MiB, 66, 37.32 W, 87 %
2026/09/25 08:16:57.041, NVIDIA GeForce RTX 5090 Laptop GPU, 23986 MiB, 24463 MiB, 68, 85.07 W, 15 %
2026/09/25 08:16:57.543, NVIDIA GeForce RTX 5090 Laptop GPU, 23932 MiB, 24463 MiB, 69, 88.49 W, 88 %
2026/09/25 08:16:58.046, NVIDIA GeForce RTX 5090 Laptop GPU, 23996 MiB, 24463 MiB, 69, 65.42 W, 38 %
2026/09/25 08:16:58.548, NVIDIA GeForce RTX 5090 Laptop GPU, 23996 MiB, 24463 MiB, 70, 76.74 W, 60 %
2026/09/25 08:16:59.049, NVIDIA GeForce RTX 5090 Laptop GPU, 23996 MiB, 24463 MiB, 69, 90.20 W, 37 %
2026/09/25 08:16:59.551, NVIDIA GeForce RTX 5090 Laptop GPU, 23996 MiB, 24463 MiB, 70, 83.43 W, 96 %
2026/09/25 08:17:00.053, NVIDIA GeForce RTX 5090 Laptop GPU, 23996 MiB, 24463 MiB, 67, 32.12 W, 61 %
2026/09/25 08:17:00.555, NVIDIA GeForce RTX 5090 Laptop GPU, 23996 MiB, 24463 MiB, 68, 35.72 W, 87 %
2026/09/25 08:17:01.071, NVIDIA GeForce RTX 5090 Laptop GPU, 23996 MiB, 24463 MiB, 67, 38.39 W, 91 %
2026/09/25 08:17:01.573, NVIDIA GeForce RTX 5090 Laptop GPU, 23996 MiB, 24463 MiB, 66, 35.58 W, 90 %
2026/09/25 08:17:02.075, NVIDIA GeForce RTX 5090 Laptop GPU, 23996 MiB, 24463 MiB, 66, 35.45 W, 79 %
2026/09/25 08:17:02.578, NVIDIA GeForce RTX 5090 Laptop GPU, 23996 MiB, 24463 MiB, 66, 45.10 W, 90 %
2026/09/25 08:17:03.080, NVIDIA GeForce RTX 5090 Laptop GPU, 23996 MiB, 24463 MiB, 66, 40.94 W, 87 %
2026/09/25 08:17:03.582, NVIDIA GeForce RTX 5090 Laptop GPU, 23996 MiB, 24463 MiB, 66, 41.80 W, 85 %
2026/09/25 08:17:04.084, NVIDIA GeForce RTX 5090 Laptop GPU, 23996 MiB, 24463 MiB, 66, 41.08 W, 84 %
2026/09/25 08:17:04.588, NVIDIA GeForce RTX 5090 Laptop GPU, 23996 MiB, 24463 MiB, 66, 39.80 W, 85 %
2026/09/25 08:17:05.090, NVIDIA GeForce RTX 5090 Laptop GPU, 23996 MiB, 24463 MiB, 66, 40.17 W, 89 %
2026/09/25 08:17:05.593, NVIDIA GeForce RTX 5090 Laptop GPU, 23996 MiB, 24463 MiB, 66, 39.87 W, 78 %
2026/09/25 08:17:06.095, NVIDIA GeForce RTX 5090 Laptop GPU, 23996 MiB, 24463 MiB, 66, 38.92 W, 87 %
2026/09/25 08:17:06.596, NVIDIA GeForce RTX 5090 Laptop GPU, 23996 MiB, 24463 MiB, 66, 39.81 W, 79 %
2026/09/25 08:17:07.098, NVIDIA GeForce RTX 5090 Laptop GPU, 23996 MiB, 24463 MiB, 66, 40.42 W, 89 %
2026/09/25 08:17:07.600, NVIDIA GeForce RTX 5090 Laptop GPU, 23996 MiB, 24463 MiB, 66, 38.46 W, 79 %
2026/09/25 08:17:08.101, NVIDIA GeForce RTX 5090 Laptop GPU, 23996 MiB, 24463 MiB, 66, 39.35 W, 87 %
2026/09/25 08:17:08.603, NVIDIA GeForce RTX 5090 Laptop GPU, 23996 MiB, 24463 MiB, 66, 41.44 W, 90 %
2026/09/25 08:17:09.105, NVIDIA GeForce RTX 5090 Laptop GPU, 23996 MiB, 24463 MiB, 66, 40.03 W, 88 %
2026/09/25 08:17:09.607, NVIDIA GeForce RTX 5090 Laptop GPU, 23996 MiB, 24463 MiB, 66, 39.86 W, 90 %
2026/09/25 08:17:10.108, NVIDIA GeForce RTX 5090 Laptop GPU, 23996 MiB, 24463 MiB, 66, 41.37 W, 91 %
2026/09/25 08:17:10.610, NVIDIA GeForce RTX 5090 Laptop GPU, 23996 MiB, 24463 MiB, 66, 41.45 W, 88 %
2026/09/25 08:17:11.112, NVIDIA GeForce RTX 5090 Laptop GPU, 23996 MiB, 24463 MiB, 66, 41.08 W, 92 %
2026/09/25 08:17:11.614, NVIDIA GeForce RTX 5090 Laptop GPU, 23996 MiB, 24463 MiB, 67, 40.69 W, 88 %
2026/09/25 08:17:12.116, NVIDIA GeForce RTX 5090 Laptop GPU, 23996 MiB, 24463 MiB, 66, 40.48 W, 90 %
2026/09/25 08:17:12.618, NVIDIA GeForce RTX 5090 Laptop GPU, 23996 MiB, 24463 MiB, 66, 39.31 W, 91 %
2026/09/25 08:17:13.121, NVIDIA GeForce RTX 5090 Laptop GPU, 23996 MiB, 24463 MiB, 66, 40.60 W, 87 %
2026/09/25 08:17:13.623, NVIDIA GeForce RTX 5090 Laptop GPU, 24002 MiB, 24463 MiB, 68, 46.76 W, 24 %
2026/09/25 08:17:14.124, NVIDIA GeForce RTX 5090 Laptop GPU, 23992 MiB, 24463 MiB, 66, 44.34 W, 12 %
2026/09/25 08:17:14.626, NVIDIA GeForce RTX 5090 Laptop GPU, 23996 MiB, 24463 MiB, 69, 49.77 W, 95 %
2026/09/25 08:17:15.128, NVIDIA GeForce RTX 5090 Laptop GPU, 23996 MiB, 24463 MiB, 70, 71.47 W, 59 %
2026/09/25 08:17:15.630, NVIDIA GeForce RTX 5090 Laptop GPU, 23996 MiB, 24463 MiB, 70, 83.64 W, 99 %
2026/09/25 08:17:16.133, NVIDIA GeForce RTX 5090 Laptop GPU, 23996 MiB, 24463 MiB, 70, 82.61 W, 22 %
2026/09/25 08:17:16.634, NVIDIA GeForce RTX 5090 Laptop GPU, 23996 MiB, 24463 MiB, 70, 94.34 W, 27 %
2026/09/25 08:17:17.136, NVIDIA GeForce RTX 5090 Laptop GPU, 23996 MiB, 24463 MiB, 67, 50.98 W, 61 %
2026/09/25 08:17:17.638, NVIDIA GeForce RTX 5090 Laptop GPU, 23996 MiB, 24463 MiB, 67, 51.86 W, 91 %
2026/09/25 08:17:18.140, NVIDIA GeForce RTX 5090 Laptop GPU, 23996 MiB, 24463 MiB, 68, 52.32 W, 91 %
2026/09/25 08:17:18.643, NVIDIA GeForce RTX 5090 Laptop GPU, 23996 MiB, 24463 MiB, 67, 55.85 W, 84 %
2026/09/25 08:17:19.145, NVIDIA GeForce RTX 5090 Laptop GPU, 23996 MiB, 24463 MiB, 67, 51.88 W, 72 %
2026/09/25 08:17:19.646, NVIDIA GeForce RTX 5090 Laptop GPU, 23996 MiB, 24463 MiB, 67, 49.97 W, 88 %
2026/09/25 08:17:20.149, NVIDIA GeForce RTX 5090 Laptop GPU, 23996 MiB, 24463 MiB, 67, 41.91 W, 90 %
2026/09/25 08:17:20.651, NVIDIA GeForce RTX 5090 Laptop GPU, 23996 MiB, 24463 MiB, 66, 40.19 W, 92 %
2026/09/25 08:17:21.153, NVIDIA GeForce RTX 5090 Laptop GPU, 23996 MiB, 24463 MiB, 66, 54.47 W, 91 %
2026/09/25 08:17:21.665, NVIDIA GeForce RTX 5090 Laptop GPU, 23996 MiB, 24463 MiB, 66, 40.80 W, 91 %
2026/09/25 08:17:22.166, NVIDIA GeForce RTX 5090 Laptop GPU, 23996 MiB, 24463 MiB, 66, 36.41 W, 90 %
2026/09/25 08:17:22.669, NVIDIA GeForce RTX 5090 Laptop GPU, 23996 MiB, 24463 MiB, 66, 42.42 W, 87 %
2026/09/25 08:17:23.171, NVIDIA GeForce RTX 5090 Laptop GPU, 23996 MiB, 24463 MiB, 68, 35.60 W, 88 %
2026/09/25 08:17:23.674, NVIDIA GeForce RTX 5090 Laptop GPU, 23996 MiB, 24463 MiB, 66, 39.48 W, 91 %
2026/09/25 08:17:24.177, NVIDIA GeForce RTX 5090 Laptop GPU, 23996 MiB, 24463 MiB, 66, 40.55 W, 91 %
2026/09/25 08:17:24.679, NVIDIA GeForce RTX 5090 Laptop GPU, 23996 MiB, 24463 MiB, 66, 40.72 W, 91 %
2026/09/25 08:17:25.182, NVIDIA GeForce RTX 5090 Laptop GPU, 24010 MiB, 24463 MiB, 66, 39.75 W, 92 %
2026/09/25 08:17:25.684, NVIDIA GeForce RTX 5090 Laptop GPU, 24010 MiB, 24463 MiB, 66, 34.73 W, 89 %
2026/09/25 08:17:26.190, NVIDIA GeForce RTX 5090 Laptop GPU, 24010 MiB, 24463 MiB, 66, 72.01 W, 88 %
2026/09/25 08:17:26.696, NVIDIA GeForce RTX 5090 Laptop GPU, 24010 MiB, 24463 MiB, 66, 43.99 W, 92 %
2026/09/25 08:17:27.198, NVIDIA GeForce RTX 5090 Laptop GPU, 24010 MiB, 24463 MiB, 66, 43.14 W, 90 %
2026/09/25 08:17:27.700, NVIDIA GeForce RTX 5090 Laptop GPU, 24010 MiB, 24463 MiB, 66, 41.36 W, 90 %
2026/09/25 08:17:28.201, NVIDIA GeForce RTX 5090 Laptop GPU, 24010 MiB, 24463 MiB, 66, 41.98 W, 89 %
2026/09/25 08:17:28.704, NVIDIA GeForce RTX 5090 Laptop GPU, 24010 MiB, 24463 MiB, 67, 43.79 W, 88 %
2026/09/25 08:17:29.206, NVIDIA GeForce RTX 5090 Laptop GPU, 24010 MiB, 24463 MiB, 66, 40.50 W, 91 %
2026/09/25 08:17:29.708, NVIDIA GeForce RTX 5090 Laptop GPU, 24010 MiB, 24463 MiB, 66, 35.47 W, 88 %
2026/09/25 08:17:30.210, NVIDIA GeForce RTX 5090 Laptop GPU, 24025 MiB, 24463 MiB, 68, 57.16 W, 22 %
2026/09/25 08:17:30.712, NVIDIA GeForce RTX 5090 Laptop GPU, 23967 MiB, 24463 MiB, 66, 54.12 W, 40 %
2026/09/25 08:17:31.214, NVIDIA GeForce RTX 5090 Laptop GPU, 23993 MiB, 24463 MiB, 67, 58.06 W, 13 %
2026/09/25 08:17:31.716, NVIDIA GeForce RTX 5090 Laptop GPU, 23993 MiB, 24463 MiB, 69, 71.65 W, 39 %
2026/09/25 08:17:32.219, NVIDIA GeForce RTX 5090 Laptop GPU, 23983 MiB, 24463 MiB, 70, 81.65 W, 74 %
2026/09/25 08:17:32.721, NVIDIA GeForce RTX 5090 Laptop GPU, 23983 MiB, 24463 MiB, 69, 83.85 W, 29 %
2026/09/25 08:17:33.223, NVIDIA GeForce RTX 5090 Laptop GPU, 23983 MiB, 24463 MiB, 70, 78.71 W, 47 %
2026/09/25 08:17:33.726, NVIDIA GeForce RTX 5090 Laptop GPU, 23983 MiB, 24463 MiB, 68, 32.99 W, 1 %
2026/09/25 08:17:34.229, NVIDIA GeForce RTX 5090 Laptop GPU, 23967 MiB, 24463 MiB, 67, 30.98 W, 10 %
2026/09/25 08:17:34.731, NVIDIA GeForce RTX 5090 Laptop GPU, 23834 MiB, 24463 MiB, 66, 28.04 W, 0 %
2026/09/25 08:17:35.233, NVIDIA GeForce RTX 5090 Laptop GPU, 22992 MiB, 24463 MiB, 66, 23.94 W, 1 %
2026/09/25 08:17:35.734, NVIDIA GeForce RTX 5090 Laptop GPU, 22992 MiB, 24463 MiB, 66, 24.94 W, 0 %
2026/09/25 08:17:36.245, NVIDIA GeForce RTX 5090 Laptop GPU, 22992 MiB, 24463 MiB, 65, 19.10 W, 0 %
2026/09/25 08:17:36.748, NVIDIA GeForce RTX 5090 Laptop GPU, 22979 MiB, 24463 MiB, 65, 19.75 W, 1 %
2026/09/25 08:17:37.251, NVIDIA GeForce RTX 5090 Laptop GPU, 22979 MiB, 24463 MiB, 65, 20.83 W, 1 %
2026/09/25 08:17:37.752, NVIDIA GeForce RTX 5090 Laptop GPU, 22979 MiB, 24463 MiB, 65, 19.79 W, 0 %
2026/09/25 08:17:38.259, NVIDIA GeForce RTX 5090 Laptop GPU, 22979 MiB, 24463 MiB, 65, 20.57 W, 0 %
2026/09/25 08:17:38.762, NVIDIA GeForce RTX 5090 Laptop GPU, 10426 MiB, 24463 MiB, 65, 23.58 W, 3 %
2026/09/25 08:17:39.275, NVIDIA GeForce RTX 5090 Laptop GPU, 10426 MiB, 24463 MiB, 65, 19.10 W, 0 %
2026/09/25 08:17:39.777, NVIDIA GeForce RTX 5090 Laptop GPU, 10422 MiB, 24463 MiB, 65, 19.31 W, 0 %
2026/09/25 08:17:40.280, NVIDIA GeForce RTX 5090 Laptop GPU, 10166 MiB, 24463 MiB, 64, 22.14 W, 2 %
2026/09/25 08:17:40.790, NVIDIA GeForce RTX 5090 Laptop GPU, 10166 MiB, 24463 MiB, 64, 24.86 W, 1 %
2026/09/25 08:17:41.292, NVIDIA GeForce RTX 5090 Laptop GPU, 10166 MiB, 24463 MiB, 64, 20.58 W, 0 %
2026/09/25 08:17:41.794, NVIDIA GeForce RTX 5090 Laptop GPU, 10166 MiB, 24463 MiB, 64, 21.86 W, 1 %
2026/09/25 08:17:42.296, NVIDIA GeForce RTX 5090 Laptop GPU, 10166 MiB, 24463 MiB, 64, 22.52 W, 0 %
2026/09/25 08:17:42.799, NVIDIA GeForce RTX 5090 Laptop GPU, 10166 MiB, 24463 MiB, 64, 20.86 W, 0 %
2026/09/25 08:17:43.301, NVIDIA GeForce RTX 5090 Laptop GPU, 9367 MiB, 24463 MiB, 64, 22.17 W, 1 %
2026/09/25 08:17:43.802, NVIDIA GeForce RTX 5090 Laptop GPU, 9367 MiB, 24463 MiB, 64, 20.87 W, 2 %
2026/09/25 08:17:44.305, NVIDIA GeForce RTX 5090 Laptop GPU, 7377 MiB, 24463 MiB, 64, 18.02 W, 9 %
2026/09/25 08:17:44.807, NVIDIA GeForce RTX 5090 Laptop GPU, 1069 MiB, 24463 MiB, 64, 17.32 W, 3 %
2026/09/25 08:17:45.309, NVIDIA GeForce RTX 5090 Laptop GPU, 1069 MiB, 24463 MiB, 63, 20.54 W, 2 %
2026/09/25 08:17:45.811, NVIDIA GeForce RTX 5090 Laptop GPU, 1069 MiB, 24463 MiB, 63, 20.68 W, 0 %
2026/09/25 08:17:46.314, NVIDIA GeForce RTX 5090 Laptop GPU, 1069 MiB, 24463 MiB, 63, 20.41 W, 1 %
2026/09/25 08:17:46.816, NVIDIA GeForce RTX 5090 Laptop GPU, 1069 MiB, 24463 MiB, 63, 22.99 W, 2 %
2026/09/25 08:17:47.318, NVIDIA GeForce RTX 5090 Laptop GPU, 1061 MiB, 24463 MiB, 63, 20.40 W, 0 %
2026/09/25 08:17:47.820, NVIDIA GeForce RTX 5090 Laptop GPU, 658 MiB, 24463 MiB, 63, 21.06 W, 0 %
2026/09/25 08:17:48.322, NVIDIA GeForce RTX 5090 Laptop GPU, 658 MiB, 24463 MiB, 63, 22.31 W, 1 %
2026/09/25 08:17:48.824, NVIDIA GeForce RTX 5090 Laptop GPU, 658 MiB, 24463 MiB, 63, 18.38 W, 1 %
2026/09/25 08:17:49.326, NVIDIA GeForce RTX 5090 Laptop GPU, 658 MiB, 24463 MiB, 63, 18.58 W, 1 %
2026/09/25 08:17:49.828, NVIDIA GeForce RTX 5090 Laptop GPU, 658 MiB, 24463 MiB, 62, 16.63 W, 3 %
2026/09/25 08:17:50.330, NVIDIA GeForce RTX 5090 Laptop GPU, 658 MiB, 24463 MiB, 62, 16.97 W, 0 %
2026/09/25 08:17:50.831, NVIDIA GeForce RTX 5090 Laptop GPU, 658 MiB, 24463 MiB, 63, 20.15 W, 0 %
2026/09/25 08:17:51.334, NVIDIA GeForce RTX 5090 Laptop GPU, 658 MiB, 24463 MiB, 62, 22.41 W, 2 %
2026/09/25 08:17:51.843, NVIDIA GeForce RTX 5090 Laptop GPU, 658 MiB, 24463 MiB, 62, 21.25 W, 1 %
2026/09/25 08:17:52.345, NVIDIA GeForce RTX 5090 Laptop GPU, 658 MiB, 24463 MiB, 62, 20.21 W, 0 %
2026/09/25 08:17:52.847, NVIDIA GeForce RTX 5090 Laptop GPU, 658 MiB, 24463 MiB, 62, 21.67 W, 1 %
2026/09/25 08:17:53.349, NVIDIA GeForce RTX 5090 Laptop GPU, 658 MiB, 24463 MiB, 62, 22.99 W, 1 %
2026/09/25 08:17:53.851, NVIDIA GeForce RTX 5090 Laptop GPU, 658 MiB, 24463 MiB, 62, 20.69 W, 0 %
2026/09/25 08:17:54.364, NVIDIA GeForce RTX 5090 Laptop GPU, 658 MiB, 24463 MiB, 62, 18.12 W, 0 %
2026/09/25 08:17:54.878, NVIDIA GeForce RTX 5090 Laptop GPU, 658 MiB, 24463 MiB, 61, 16.76 W, 4 %
2026/09/25 08:17:55.381, NVIDIA GeForce RTX 5090 Laptop GPU, 658 MiB, 24463 MiB, 61, 12.78 W, 2 %
2026/09/25 08:17:55.883, NVIDIA GeForce RTX 5090 Laptop GPU, 658 MiB, 24463 MiB, 62, 20.04 W, 1 %
2026/09/25 08:17:56.389, NVIDIA GeForce RTX 5090 Laptop GPU, 658 MiB, 24463 MiB, 61, 22.83 W, 1 %
2026/09/25 08:17:56.891, NVIDIA GeForce RTX 5090 Laptop GPU, 658 MiB, 24463 MiB, 61, 24.56 W, 0 %
2026/09/25 08:17:57.393, NVIDIA GeForce RTX 5090 Laptop GPU, 658 MiB, 24463 MiB, 61, 19.84 W, 0 %
2026/09/25 08:17:57.895, NVIDIA GeForce RTX 5090 Laptop GPU, 658 MiB, 24463 MiB, 61, 22.36 W, 1 %
2026/09/25 08:17:58.397, NVIDIA GeForce RTX 5090 Laptop GPU, 658 MiB, 24463 MiB, 61, 22.43 W, 1 %
2026/09/25 08:17:58.906, NVIDIA GeForce RTX 5090 Laptop GPU, 658 MiB, 24463 MiB, 61, 20.64 W, 1 %
2026/09/25 08:17:59.408, NVIDIA GeForce RTX 5090 Laptop GPU, 653 MiB, 24463 MiB, 61, 17.42 W, 2 %
2026/09/25 08:17:59.911, NVIDIA GeForce RTX 5090 Laptop GPU, 653 MiB, 24463 MiB, 61, 13.72 W, 0 %
2026/09/25 08:18:00.414, NVIDIA GeForce RTX 5090 Laptop GPU, 653 MiB, 24463 MiB, 61, 13.40 W, 0 %
2026/09/25 08:18:00.918, NVIDIA GeForce RTX 5090 Laptop GPU, 653 MiB, 24463 MiB, 60, 17.35 W, 3 %
2026/09/25 08:18:01.419, NVIDIA GeForce RTX 5090 Laptop GPU, 653 MiB, 24463 MiB, 61, 19.02 W, 1 %
2026/09/25 08:18:01.921, NVIDIA GeForce RTX 5090 Laptop GPU, 653 MiB, 24463 MiB, 61, 19.96 W, 0 %
2026/09/25 08:18:02.424, NVIDIA GeForce RTX 5090 Laptop GPU, 653 MiB, 24463 MiB, 60, 22.24 W, 1 %
2026/09/25 08:18:02.926, NVIDIA GeForce RTX 5090 Laptop GPU, 653 MiB, 24463 MiB, 60, 21.05 W, 0 %
2026/09/25 08:18:03.428, NVIDIA GeForce RTX 5090 Laptop GPU, 653 MiB, 24463 MiB, 60, 20.11 W, 0 %
2026/09/25 08:18:03.930, NVIDIA GeForce RTX 5090 Laptop GPU, 653 MiB, 24463 MiB, 60, 21.52 W, 1 %
2026/09/25 08:18:04.433, NVIDIA GeForce RTX 5090 Laptop GPU, 653 MiB, 24463 MiB, 60, 22.91 W, 1 %
2026/09/25 08:18:04.936, NVIDIA GeForce RTX 5090 Laptop GPU, 653 MiB, 24463 MiB, 60, 20.44 W, 0 %
2026/09/25 08:18:05.444, NVIDIA GeForce RTX 5090 Laptop GPU, 653 MiB, 24463 MiB, 60, 13.45 W, 1 %
2026/09/25 08:18:05.946, NVIDIA GeForce RTX 5090 Laptop GPU, 653 MiB, 24463 MiB, 59, 15.91 W, 3 %
2026/09/25 08:18:06.448, NVIDIA GeForce RTX 5090 Laptop GPU, 653 MiB, 24463 MiB, 59, 14.59 W, 0 %
2026/09/25 08:18:06.950, NVIDIA GeForce RTX 5090 Laptop GPU, 653 MiB, 24463 MiB, 60, 12.76 W, 2 %
2026/09/25 08:18:07.461, NVIDIA GeForce RTX 5090 Laptop GPU, 653 MiB, 24463 MiB, 59, 21.76 W, 1 %
2026/09/25 08:18:07.964, NVIDIA GeForce RTX 5090 Laptop GPU, 653 MiB, 24463 MiB, 59, 23.45 W, 1 %
2026/09/25 08:18:08.467, NVIDIA GeForce RTX 5090 Laptop GPU, 653 MiB, 24463 MiB, 59, 19.83 W, 0 %
2026/09/25 08:18:08.971, NVIDIA GeForce RTX 5090 Laptop GPU, 653 MiB, 24463 MiB, 59, 21.30 W, 1 %
2026/09/25 08:18:09.473, NVIDIA GeForce RTX 5090 Laptop GPU, 653 MiB, 24463 MiB, 59, 22.82 W, 1 %
2026/09/25 08:18:09.975, NVIDIA GeForce RTX 5090 Laptop GPU, 658 MiB, 24463 MiB, 59, 19.64 W, 0 %
2026/09/25 08:18:10.477, NVIDIA GeForce RTX 5090 Laptop GPU, 653 MiB, 24463 MiB, 59, 19.18 W, 1 %
2026/09/25 08:18:10.984, NVIDIA GeForce RTX 5090 Laptop GPU, 653 MiB, 24463 MiB, 59, 19.86 W, 2 %
2026/09/25 08:18:11.489, NVIDIA GeForce RTX 5090 Laptop GPU, 653 MiB, 24463 MiB, 59, 12.86 W, 0 %
2026/09/25 08:18:11.991, NVIDIA GeForce RTX 5090 Laptop GPU, 653 MiB, 24463 MiB, 59, 12.17 W, 1 %
2026/09/25 08:18:12.494, NVIDIA GeForce RTX 5090 Laptop GPU, 653 MiB, 24463 MiB, 59, 22.05 W, 2 %
2026/09/25 08:18:12.996, NVIDIA GeForce RTX 5090 Laptop GPU, 653 MiB, 24463 MiB, 59, 19.47 W, 0 %
2026/09/25 08:18:13.498, NVIDIA GeForce RTX 5090 Laptop GPU, 653 MiB, 24463 MiB, 59, 19.64 W, 1 %
2026/09/25 08:18:14.000, NVIDIA GeForce RTX 5090 Laptop GPU, 653 MiB, 24463 MiB, 59, 21.78 W, 1 %
2026/09/25 08:18:14.501, NVIDIA GeForce RTX 5090 Laptop GPU, 653 MiB, 24463 MiB, 59, 19.53 W, 0 %
2026/09/25 08:18:15.003, NVIDIA GeForce RTX 5090 Laptop GPU, 653 MiB, 24463 MiB, 59, 19.77 W, 0 %
2026/09/25 08:18:15.505, NVIDIA GeForce RTX 5090 Laptop GPU, 653 MiB, 24463 MiB, 59, 21.84 W, 1 %
2026/09/25 08:18:16.007, NVIDIA GeForce RTX 5090 Laptop GPU, 653 MiB, 24463 MiB, 59, 19.58 W, 2 %
2026/09/25 08:18:16.508, NVIDIA GeForce RTX 5090 Laptop GPU, 653 MiB, 24463 MiB, 58, 16.98 W, 1 %
2026/09/25 08:18:17.013, NVIDIA GeForce RTX 5090 Laptop GPU, 653 MiB, 24463 MiB, 58, 15.45 W, 3 %
2026/09/25 08:18:17.515, NVIDIA GeForce RTX 5090 Laptop GPU, 653 MiB, 24463 MiB, 58, 17.72 W, 0 %
2026/09/25 08:18:18.016, NVIDIA GeForce RTX 5090 Laptop GPU, 653 MiB, 24463 MiB, 58, 15.12 W, 0 %
2026/09/25 08:18:18.520, NVIDIA GeForce RTX 5090 Laptop GPU, 653 MiB, 24463 MiB, 58, 13.62 W, 2 %
2026/09/25 08:18:19.023, NVIDIA GeForce RTX 5090 Laptop GPU, 653 MiB, 24463 MiB, 58, 18.86 W, 2 %
2026/09/25 08:18:19.525, NVIDIA GeForce RTX 5090 Laptop GPU, 653 MiB, 24463 MiB, 58, 19.53 W, 0 %
2026/09/25 08:18:20.026, NVIDIA GeForce RTX 5090 Laptop GPU, 653 MiB, 24463 MiB, 58, 21.37 W, 1 %
2026/09/25 08:18:20.528, NVIDIA GeForce RTX 5090 Laptop GPU, 653 MiB, 24463 MiB, 58, 21.71 W, 1 %
2026/09/25 08:18:21.029, NVIDIA GeForce RTX 5090 Laptop GPU, 653 MiB, 24463 MiB, 58, 21.24 W, 1 %
2026/09/25 08:18:21.531, NVIDIA GeForce RTX 5090 Laptop GPU, 653 MiB, 24463 MiB, 58, 21.25 W, 1 %
2026/09/25 08:18:22.033, NVIDIA GeForce RTX 5090 Laptop GPU, 653 MiB, 24463 MiB, 58, 21.58 W, 1 %
2026/09/25 08:18:22.535, NVIDIA GeForce RTX 5090 Laptop GPU, 653 MiB, 24463 MiB, 58, 21.96 W, 1 %
2026/09/25 08:18:23.036, NVIDIA GeForce RTX 5090 Laptop GPU, 653 MiB, 24463 MiB, 58, 20.79 W, 1 %
2026/09/25 08:18:23.538, NVIDIA GeForce RTX 5090 Laptop GPU, 653 MiB, 24463 MiB, 58, 17.15 W, 3 %
2026/09/25 08:18:24.040, NVIDIA GeForce RTX 5090 Laptop GPU, 653 MiB, 24463 MiB, 57, 15.87 W, 2 %
2026/09/25 08:18:24.542, NVIDIA GeForce RTX 5090 Laptop GPU, 653 MiB, 24463 MiB, 57, 13.89 W, 2 %
2026/09/25 08:18:25.044, NVIDIA GeForce RTX 5090 Laptop GPU, 653 MiB, 24463 MiB, 57, 21.11 W, 3 %
2026/09/25 08:18:25.547, NVIDIA GeForce RTX 5090 Laptop GPU, 666 MiB, 24463 MiB, 57, 24.46 W, 0 %
2026/09/25 08:18:26.054, NVIDIA GeForce RTX 5090 Laptop GPU, 671 MiB, 24463 MiB, 57, 19.48 W, 0 %
2026/09/25 08:18:26.557, NVIDIA GeForce RTX 5090 Laptop GPU, 666 MiB, 24463 MiB, 57, 19.78 W, 1 %
2026/09/25 08:18:27.067, NVIDIA GeForce RTX 5090 Laptop GPU, 666 MiB, 24463 MiB, 57, 20.85 W, 1 %
2026/09/25 08:18:27.569, NVIDIA GeForce RTX 5090 Laptop GPU, 666 MiB, 24463 MiB, 57, 20.47 W, 0 %
2026/09/25 08:18:28.074, NVIDIA GeForce RTX 5090 Laptop GPU, 666 MiB, 24463 MiB, 57, 20.93 W, 1 %
2026/09/25 08:18:28.576, NVIDIA GeForce RTX 5090 Laptop GPU, 666 MiB, 24463 MiB, 57, 20.66 W, 2 %
2026/09/25 08:18:29.079, NVIDIA GeForce RTX 5090 Laptop GPU, 666 MiB, 24463 MiB, 57, 19.64 W, 1 %
2026/09/25 08:18:29.581, NVIDIA GeForce RTX 5090 Laptop GPU, 666 MiB, 24463 MiB, 57, 17.39 W, 3 %
2026/09/25 08:18:30.083, NVIDIA GeForce RTX 5090 Laptop GPU, 662 MiB, 24463 MiB, 56, 15.05 W, 0 %
2026/09/25 08:18:30.585, NVIDIA GeForce RTX 5090 Laptop GPU, 662 MiB, 24463 MiB, 56, 13.91 W, 0 %
2026/09/25 08:18:31.087, NVIDIA GeForce RTX 5090 Laptop GPU, 662 MiB, 24463 MiB, 57, 16.45 W, 1 %
2026/09/25 08:18:31.589, NVIDIA GeForce RTX 5090 Laptop GPU, 662 MiB, 24463 MiB, 56, 18.55 W, 1 %
2026/09/25 08:18:32.091, NVIDIA GeForce RTX 5090 Laptop GPU, 662 MiB, 24463 MiB, 56, 19.82 W, 0 %
2026/09/25 08:18:32.593, NVIDIA GeForce RTX 5090 Laptop GPU, 653 MiB, 24463 MiB, 56, 20.25 W, 1 %
2026/09/25 08:18:33.095, NVIDIA GeForce RTX 5090 Laptop GPU, 653 MiB, 24463 MiB, 56, 20.07 W, 1 %
2026/09/25 08:18:33.598, NVIDIA GeForce RTX 5090 Laptop GPU, 653 MiB, 24463 MiB, 56, 19.79 W, 0 %
2026/09/25 08:18:34.100, NVIDIA GeForce RTX 5090 Laptop GPU, 653 MiB, 24463 MiB, 56, 20.16 W, 1 %
2026/09/25 08:18:34.602, NVIDIA GeForce RTX 5090 Laptop GPU, 653 MiB, 24463 MiB, 56, 20.87 W, 2 %
2026/09/25 08:18:35.103, NVIDIA GeForce RTX 5090 Laptop GPU, 658 MiB, 24463 MiB, 55, 17.14 W, 0 %
2026/09/25 08:18:35.606, NVIDIA GeForce RTX 5090 Laptop GPU, 653 MiB, 24463 MiB, 55, 13.42 W, 0 %
2026/09/25 08:18:36.110, NVIDIA GeForce RTX 5090 Laptop GPU, 653 MiB, 24463 MiB, 56, 20.94 W, 2 %
2026/09/25 08:18:36.615, NVIDIA GeForce RTX 5090 Laptop GPU, 653 MiB, 24463 MiB, 55, 19.28 W, 0 %
2026/09/25 08:18:37.116, NVIDIA GeForce RTX 5090 Laptop GPU, 653 MiB, 24463 MiB, 55, 19.83 W, 0 %
2026/09/25 08:18:37.618, NVIDIA GeForce RTX 5090 Laptop GPU, 653 MiB, 24463 MiB, 55, 21.08 W, 1 %
2026/09/25 08:18:38.122, NVIDIA GeForce RTX 5090 Laptop GPU, 653 MiB, 24463 MiB, 55, 19.59 W, 0 %
2026/09/25 08:18:38.623, NVIDIA GeForce RTX 5090 Laptop GPU, 653 MiB, 24463 MiB, 55, 19.84 W, 0 %
2026/09/25 08:18:39.125, NVIDIA GeForce RTX 5090 Laptop GPU, 653 MiB, 24463 MiB, 55, 20.28 W, 1 %
2026/09/25 08:18:39.627, NVIDIA GeForce RTX 5090 Laptop GPU, 653 MiB, 24463 MiB, 55, 20.41 W, 1 %
2026/09/25 08:18:40.130, NVIDIA GeForce RTX 5090 Laptop GPU, 653 MiB, 24463 MiB, 55, 17.04 W, 0 %
2026/09/25 08:18:40.632, NVIDIA GeForce RTX 5090 Laptop GPU, 653 MiB, 24463 MiB, 55, 18.84 W, 1 %
2026/09/25 08:18:41.135, NVIDIA GeForce RTX 5090 Laptop GPU, 653 MiB, 24463 MiB, 55, 20.64 W, 2 %
2026/09/25 08:18:41.636, NVIDIA GeForce RTX 5090 Laptop GPU, 653 MiB, 24463 MiB, 55, 19.70 W, 0 %
2026/09/25 08:18:42.137, NVIDIA GeForce RTX 5090 Laptop GPU, 653 MiB, 24463 MiB, 55, 20.16 W, 1 %
2026/09/25 08:18:42.639, NVIDIA GeForce RTX 5090 Laptop GPU, 653 MiB, 24463 MiB, 55, 21.13 W, 2 %
2026/09/25 08:18:43.141, NVIDIA GeForce RTX 5090 Laptop GPU, 653 MiB, 24463 MiB, 55, 18.79 W, 0 %
2026/09/25 08:18:43.644, NVIDIA GeForce RTX 5090 Laptop GPU, 653 MiB, 24463 MiB, 55, 18.91 W, 0 %
2026/09/25 08:18:44.146, NVIDIA GeForce RTX 5090 Laptop GPU, 653 MiB, 24463 MiB, 55, 20.77 W, 1 %
2026/09/25 08:18:44.648, NVIDIA GeForce RTX 5090 Laptop GPU, 653 MiB, 24463 MiB, 55, 19.31 W, 1 %
2026/09/25 08:18:45.150, NVIDIA GeForce RTX 5090 Laptop GPU, 653 MiB, 24463 MiB, 55, 18.33 W, 1 %
2026/09/25 08:18:45.653, NVIDIA GeForce RTX 5090 Laptop GPU, 653 MiB, 24463 MiB, 55, 16.05 W, 2 %
2026/09/25 08:18:46.162, NVIDIA GeForce RTX 5090 Laptop GPU, 653 MiB, 24463 MiB, 54, 16.09 W, 3 %
2026/09/25 08:18:46.667, NVIDIA GeForce RTX 5090 Laptop GPU, 653 MiB, 24463 MiB, 55, 17.34 W, 0 %
2026/09/25 08:18:47.170, NVIDIA GeForce RTX 5090 Laptop GPU, 653 MiB, 24463 MiB, 55, 19.95 W, 0 %
2026/09/25 08:18:47.673, NVIDIA GeForce RTX 5090 Laptop GPU, 653 MiB, 24463 MiB, 55, 20.20 W, 1 %
2026/09/25 08:18:48.175, NVIDIA GeForce RTX 5090 Laptop GPU, 653 MiB, 24463 MiB, 55, 19.52 W, 0 %
2026/09/25 08:18:48.677, NVIDIA GeForce RTX 5090 Laptop GPU, 653 MiB, 24463 MiB, 55, 19.73 W, 1 %
2026/09/25 08:18:49.180, NVIDIA GeForce RTX 5090 Laptop GPU, 653 MiB, 24463 MiB, 55, 20.24 W, 1 %
2026/09/25 08:18:49.681, NVIDIA GeForce RTX 5090 Laptop GPU, 653 MiB, 24463 MiB, 54, 24.15 W, 0 %
2026/09/25 08:18:50.185, NVIDIA GeForce RTX 5090 Laptop GPU, 653 MiB, 24463 MiB, 54, 18.08 W, 0 %
2026/09/25 08:18:50.687, NVIDIA GeForce RTX 5090 Laptop GPU, 653 MiB, 24463 MiB, 54, 14.43 W, 4 %
2026/09/25 08:18:51.191, NVIDIA GeForce RTX 5090 Laptop GPU, 653 MiB, 24463 MiB, 54, 14.68 W, 3 %
2026/09/25 08:18:51.694, NVIDIA GeForce RTX 5090 Laptop GPU, 653 MiB, 24463 MiB, 54, 13.88 W, 0 %
2026/09/25 08:18:52.196, NVIDIA GeForce RTX 5090 Laptop GPU, 653 MiB, 24463 MiB, 54, 14.15 W, 2 %
2026/09/25 08:18:52.698, NVIDIA GeForce RTX 5090 Laptop GPU, 653 MiB, 24463 MiB, 54, 13.87 W, 0 %
2026/09/25 08:18:53.200, NVIDIA GeForce RTX 5090 Laptop GPU, 653 MiB, 24463 MiB, 54, 13.45 W, 0 %
2026/09/25 08:18:53.703, NVIDIA GeForce RTX 5090 Laptop GPU, 653 MiB, 24463 MiB, 54, 16.58 W, 1 %
2026/09/25 08:18:54.205, NVIDIA GeForce RTX 5090 Laptop GPU, 653 MiB, 24463 MiB, 54, 18.86 W, 1 %
2026/09/25 08:18:54.708, NVIDIA GeForce RTX 5090 Laptop GPU, 653 MiB, 24463 MiB, 54, 19.45 W, 0 %
2026/09/25 08:18:55.210, NVIDIA GeForce RTX 5090 Laptop GPU, 653 MiB, 24463 MiB, 54, 19.82 W, 0 %
2026/09/25 08:18:55.713, NVIDIA GeForce RTX 5090 Laptop GPU, 653 MiB, 24463 MiB, 54, 19.87 W, 1 %
2026/09/25 08:18:56.215, NVIDIA GeForce RTX 5090 Laptop GPU, 653 MiB, 24463 MiB, 54, 19.39 W, 0 %
2026/09/25 08:18:56.717, NVIDIA GeForce RTX 5090 Laptop GPU, 653 MiB, 24463 MiB, 54, 19.49 W, 1 %
2026/09/25 08:18:57.219, NVIDIA GeForce RTX 5090 Laptop GPU, 653 MiB, 24463 MiB, 54, 19.18 W, 2 %
2026/09/25 08:18:57.722, NVIDIA GeForce RTX 5090 Laptop GPU, 658 MiB, 24463 MiB, 54, 15.07 W, 0 %
2026/09/25 08:18:58.226, NVIDIA GeForce RTX 5090 Laptop GPU, 658 MiB, 24463 MiB, 54, 12.49 W, 0 %
2026/09/25 08:18:58.729, NVIDIA GeForce RTX 5090 Laptop GPU, 658 MiB, 24463 MiB, 54, 21.25 W, 3 %
2026/09/25 08:18:59.230, NVIDIA GeForce RTX 5090 Laptop GPU, 658 MiB, 24463 MiB, 54, 19.65 W, 1 %
2026/09/25 08:18:59.732, NVIDIA GeForce RTX 5090 Laptop GPU, 658 MiB, 24463 MiB, 54, 19.62 W, 0 %
2026/09/25 08:19:00.235, NVIDIA GeForce RTX 5090 Laptop GPU, 658 MiB, 24463 MiB, 54, 20.76 W, 1 %
2026/09/25 08:19:00.737, NVIDIA GeForce RTX 5090 Laptop GPU, 658 MiB, 24463 MiB, 54, 19.70 W, 0 %
2026/09/25 08:19:01.239, NVIDIA GeForce RTX 5090 Laptop GPU, 658 MiB, 24463 MiB, 54, 18.43 W, 0 %
2026/09/25 08:19:01.741, NVIDIA GeForce RTX 5090 Laptop GPU, 658 MiB, 24463 MiB, 54, 19.86 W, 1 %
2026/09/25 08:19:02.243, NVIDIA GeForce RTX 5090 Laptop GPU, 658 MiB, 24463 MiB, 54, 18.11 W, 2 %
2026/09/25 08:19:02.745, NVIDIA GeForce RTX 5090 Laptop GPU, 658 MiB, 24463 MiB, 54, 12.08 W, 1 %
2026/09/25 08:19:03.247, NVIDIA GeForce RTX 5090 Laptop GPU, 658 MiB, 24463 MiB, 54, 11.35 W, 2 %
2026/09/25 08:19:03.751, NVIDIA GeForce RTX 5090 Laptop GPU, 658 MiB, 24463 MiB, 54, 21.16 W, 2 %
2026/09/25 08:19:04.253, NVIDIA GeForce RTX 5090 Laptop GPU, 658 MiB, 24463 MiB, 54, 22.12 W, 1 %
2026/09/25 08:19:04.758, NVIDIA GeForce RTX 5090 Laptop GPU, 658 MiB, 24463 MiB, 54, 20.03 W, 0 %
2026/09/25 08:19:05.260, NVIDIA GeForce RTX 5090 Laptop GPU, 658 MiB, 24463 MiB, 54, 20.94 W, 1 %
2026/09/25 08:19:05.762, NVIDIA GeForce RTX 5090 Laptop GPU, 658 MiB, 24463 MiB, 54, 19.61 W, 1 %
2026/09/25 08:19:06.264, NVIDIA GeForce RTX 5090 Laptop GPU, 658 MiB, 24463 MiB, 54, 18.55 W, 0 %
2026/09/25 08:19:06.766, NVIDIA GeForce RTX 5090 Laptop GPU, 658 MiB, 24463 MiB, 54, 18.92 W, 2 %
2026/09/25 08:19:07.274, NVIDIA GeForce RTX 5090 Laptop GPU, 658 MiB, 24463 MiB, 54, 18.53 W, 0 %
2026/09/25 08:19:07.776, NVIDIA GeForce RTX 5090 Laptop GPU, 658 MiB, 24463 MiB, 54, 14.23 W, 0 %
2026/09/25 08:19:08.278, NVIDIA GeForce RTX 5090 Laptop GPU, 658 MiB, 24463 MiB, 54, 14.73 W, 3 %
2026/09/25 08:19:08.786, NVIDIA GeForce RTX 5090 Laptop GPU, 658 MiB, 24463 MiB, 54, 15.98 W, 2 %
2026/09/25 08:19:09.288, NVIDIA GeForce RTX 5090 Laptop GPU, 658 MiB, 24463 MiB, 54, 18.80 W, 0 %
2026/09/25 08:19:09.790, NVIDIA GeForce RTX 5090 Laptop GPU, 658 MiB, 24463 MiB, 54, 20.00 W, 1 %
2026/09/25 08:19:10.292, NVIDIA GeForce RTX 5090 Laptop GPU, 658 MiB, 24463 MiB, 54, 22.17 W, 0 %
2026/09/25 08:19:10.794, NVIDIA GeForce RTX 5090 Laptop GPU, 658 MiB, 24463 MiB, 54, 20.18 W, 0 %
2026/09/25 08:19:11.296, NVIDIA GeForce RTX 5090 Laptop GPU, 658 MiB, 24463 MiB, 54, 20.82 W, 1 %
2026/09/25 08:19:11.798, NVIDIA GeForce RTX 5090 Laptop GPU, 658 MiB, 24463 MiB, 54, 25.35 W, 1 %
2026/09/25 08:19:12.301, NVIDIA GeForce RTX 5090 Laptop GPU, 658 MiB, 24463 MiB, 55, 19.70 W, 0 %
2026/09/25 08:19:12.802, NVIDIA GeForce RTX 5090 Laptop GPU, 658 MiB, 24463 MiB, 54, 19.88 W, 1 %
2026/09/25 08:19:13.305, NVIDIA GeForce RTX 5090 Laptop GPU, 658 MiB, 24463 MiB, 54, 18.56 W, 1 %
2026/09/25 08:19:13.807, NVIDIA GeForce RTX 5090 Laptop GPU, 658 MiB, 24463 MiB, 54, 12.10 W, 0 %
2026/09/25 08:19:14.309, NVIDIA GeForce RTX 5090 Laptop GPU, 663 MiB, 24463 MiB, 54, 14.13 W, 3 %
2026/09/25 08:19:14.812, NVIDIA GeForce RTX 5090 Laptop GPU, 658 MiB, 24463 MiB, 54, 20.82 W, 3 %
2026/09/25 08:19:15.314, NVIDIA GeForce RTX 5090 Laptop GPU, 658 MiB, 24463 MiB, 55, 18.64 W, 0 %
2026/09/25 08:19:15.817, NVIDIA GeForce RTX 5090 Laptop GPU, 658 MiB, 24463 MiB, 55, 18.78 W, 0 %
2026/09/25 08:19:16.322, NVIDIA GeForce RTX 5090 Laptop GPU, 658 MiB, 24463 MiB, 54, 19.81 W, 1 %
2026/09/25 08:19:16.824, NVIDIA GeForce RTX 5090 Laptop GPU, 658 MiB, 24463 MiB, 55, 19.48 W, 0 %
2026/09/25 08:19:17.327, NVIDIA GeForce RTX 5090 Laptop GPU, 658 MiB, 24463 MiB, 55, 18.52 W, 1 %
2026/09/25 08:19:17.829, NVIDIA GeForce RTX 5090 Laptop GPU, 658 MiB, 24463 MiB, 54, 21.38 W, 1 %
2026/09/25 08:19:18.331, NVIDIA GeForce RTX 5090 Laptop GPU, 658 MiB, 24463 MiB, 55, 19.01 W, 0 %
2026/09/25 08:19:18.843, NVIDIA GeForce RTX 5090 Laptop GPU, 658 MiB, 24463 MiB, 55, 19.32 W, 0 %
2026/09/25 08:19:19.345, NVIDIA GeForce RTX 5090 Laptop GPU, 658 MiB, 24463 MiB, 54, 19.12 W, 3 %
2026/09/25 08:19:19.847, NVIDIA GeForce RTX 5090 Laptop GPU, 658 MiB, 24463 MiB, 54, 20.79 W, 2 %
2026/09/25 08:19:20.349, NVIDIA GeForce RTX 5090 Laptop GPU, 658 MiB, 24463 MiB, 55, 19.49 W, 0 %
2026/09/25 08:19:20.851, NVIDIA GeForce RTX 5090 Laptop GPU, 658 MiB, 24463 MiB, 55, 20.69 W, 1 %
2026/09/25 08:19:21.352, NVIDIA GeForce RTX 5090 Laptop GPU, 658 MiB, 24463 MiB, 55, 20.02 W, 0 %
2026/09/25 08:19:21.854, NVIDIA GeForce RTX 5090 Laptop GPU, 658 MiB, 24463 MiB, 55, 18.68 W, 0 %
2026/09/25 08:19:22.356, NVIDIA GeForce RTX 5090 Laptop GPU, 658 MiB, 24463 MiB, 55, 21.34 W, 0 %
2026/09/25 08:19:22.866, NVIDIA GeForce RTX 5090 Laptop GPU, 658 MiB, 24463 MiB, 55, 21.30 W, 1 %
2026/09/25 08:19:23.368, NVIDIA GeForce RTX 5090 Laptop GPU, 658 MiB, 24463 MiB, 55, 19.34 W, 0 %
2026/09/25 08:19:23.870, NVIDIA GeForce RTX 5090 Laptop GPU, 658 MiB, 24463 MiB, 55, 19.63 W, 1 %
2026/09/25 08:19:24.372, NVIDIA GeForce RTX 5090 Laptop GPU, 658 MiB, 24463 MiB, 55, 19.05 W, 2 %
2026/09/25 08:19:24.874, NVIDIA GeForce RTX 5090 Laptop GPU, 658 MiB, 24463 MiB, 55, 12.21 W, 0 %
2026/09/25 08:19:25.376, NVIDIA GeForce RTX 5090 Laptop GPU, 658 MiB, 24463 MiB, 55, 12.35 W, 0 %
2026/09/25 08:19:25.878, NVIDIA GeForce RTX 5090 Laptop GPU, 671 MiB, 24463 MiB, 54, 33.46 W, 7 %
2026/09/25 08:19:26.386, NVIDIA GeForce RTX 5090 Laptop GPU, 671 MiB, 24463 MiB, 55, 13.42 W, 2 %
2026/09/25 08:19:26.887, NVIDIA GeForce RTX 5090 Laptop GPU, 671 MiB, 24463 MiB, 55, 19.38 W, 0 %
2026/09/25 08:19:27.389, NVIDIA GeForce RTX 5090 Laptop GPU, 671 MiB, 24463 MiB, 55, 21.44 W, 1 %
2026/09/25 08:19:27.891, NVIDIA GeForce RTX 5090 Laptop GPU, 671 MiB, 24463 MiB, 55, 21.86 W, 0 %
2026/09/25 08:19:28.393, NVIDIA GeForce RTX 5090 Laptop GPU, 671 MiB, 24463 MiB, 55, 18.67 W, 0 %
2026/09/25 08:19:28.894, NVIDIA GeForce RTX 5090 Laptop GPU, 671 MiB, 24463 MiB, 55, 20.12 W, 1 %
2026/09/25 08:19:29.396, NVIDIA GeForce RTX 5090 Laptop GPU, 671 MiB, 24463 MiB, 55, 19.95 W, 1 %
2026/09/25 08:19:29.897, NVIDIA GeForce RTX 5090 Laptop GPU, 671 MiB, 24463 MiB, 55, 19.22 W, 0 %
2026/09/25 08:19:30.399, NVIDIA GeForce RTX 5090 Laptop GPU, 671 MiB, 24463 MiB, 55, 19.62 W, 2 %
2026/09/25 08:19:30.902, NVIDIA GeForce RTX 5090 Laptop GPU, 667 MiB, 24463 MiB, 55, 15.84 W, 2 %
2026/09/25 08:19:31.404, NVIDIA GeForce RTX 5090 Laptop GPU, 667 MiB, 24463 MiB, 55, 12.26 W, 0 %
2026/09/25 08:19:31.906, NVIDIA GeForce RTX 5090 Laptop GPU, 667 MiB, 24463 MiB, 55, 17.35 W, 1 %
2026/09/25 08:19:32.407, NVIDIA GeForce RTX 5090 Laptop GPU, 658 MiB, 24463 MiB, 55, 18.88 W, 1 %
2026/09/25 08:19:32.909, NVIDIA GeForce RTX 5090 Laptop GPU, 658 MiB, 24463 MiB, 55, 18.81 W, 0 %
2026/09/25 08:19:33.411, NVIDIA GeForce RTX 5090 Laptop GPU, 658 MiB, 24463 MiB, 55, 19.92 W, 0 %
2026/09/25 08:19:33.912, NVIDIA GeForce RTX 5090 Laptop GPU, 658 MiB, 24463 MiB, 55, 20.29 W, 1 %
2026/09/25 08:19:34.414, NVIDIA GeForce RTX 5090 Laptop GPU, 658 MiB, 24463 MiB, 55, 18.65 W, 0 %
2026/09/25 08:19:34.916, NVIDIA GeForce RTX 5090 Laptop GPU, 658 MiB, 24463 MiB, 55, 16.12 W, 1 %
2026/09/25 08:19:35.418, NVIDIA GeForce RTX 5090 Laptop GPU, 658 MiB, 24463 MiB, 55, 16.10 W, 3 %
2026/09/25 08:19:35.921, NVIDIA GeForce RTX 5090 Laptop GPU, 658 MiB, 24463 MiB, 55, 12.27 W, 0 %
2026/09/25 08:19:36.423, NVIDIA GeForce RTX 5090 Laptop GPU, 658 MiB, 24463 MiB, 55, 14.76 W, 0 %
2026/09/25 08:19:36.926, NVIDIA GeForce RTX 5090 Laptop GPU, 658 MiB, 24463 MiB, 54, 16.34 W, 4 %
2026/09/25 08:19:37.428, NVIDIA GeForce RTX 5090 Laptop GPU, 658 MiB, 24463 MiB, 55, 23.77 W, 2 %
2026/09/25 08:19:37.930, NVIDIA GeForce RTX 5090 Laptop GPU, 658 MiB, 24463 MiB, 55, 19.04 W, 0 %
2026/09/25 08:19:38.432, NVIDIA GeForce RTX 5090 Laptop GPU, 658 MiB, 24463 MiB, 55, 20.17 W, 1 %
2026/09/25 08:19:38.934, NVIDIA GeForce RTX 5090 Laptop GPU, 658 MiB, 24463 MiB, 55, 19.95 W, 0 %
2026/09/25 08:19:39.435, NVIDIA GeForce RTX 5090 Laptop GPU, 658 MiB, 24463 MiB, 55, 20.02 W, 0 %
2026/09/25 08:19:39.938, NVIDIA GeForce RTX 5090 Laptop GPU, 658 MiB, 24463 MiB, 55, 20.84 W, 1 %
2026/09/25 08:19:40.440, NVIDIA GeForce RTX 5090 Laptop GPU, 653 MiB, 24463 MiB, 55, 18.64 W, 0 %
2026/09/25 08:19:40.942, NVIDIA GeForce RTX 5090 Laptop GPU, 653 MiB, 24463 MiB, 55, 17.47 W, 1 %
2026/09/25 08:19:41.453, NVIDIA GeForce RTX 5090 Laptop GPU, 653 MiB, 24463 MiB, 55, 16.16 W, 2 %
2026/09/25 08:19:41.955, NVIDIA GeForce RTX 5090 Laptop GPU, 653 MiB, 24463 MiB, 55, 17.64 W, 3 %
2026/09/25 08:19:42.465, NVIDIA GeForce RTX 5090 Laptop GPU, 653 MiB, 24463 MiB, 55, 12.53 W, 0 %
2026/09/25 08:19:42.968, NVIDIA GeForce RTX 5090 Laptop GPU, 653 MiB, 24463 MiB, 54, 21.41 W, 1 %
2026/09/25 08:19:43.469, NVIDIA GeForce RTX 5090 Laptop GPU, 653 MiB, 24463 MiB, 55, 20.45 W, 1 %
2026/09/25 08:19:43.972, NVIDIA GeForce RTX 5090 Laptop GPU, 653 MiB, 24463 MiB, 55, 19.48 W, 0 %
2026/09/25 08:19:44.474, NVIDIA GeForce RTX 5090 Laptop GPU, 653 MiB, 24463 MiB, 54, 19.93 W, 1 %
2026/09/25 08:19:44.977, NVIDIA GeForce RTX 5090 Laptop GPU, 653 MiB, 24463 MiB, 54, 19.99 W, 1 %
2026/09/25 08:19:45.479, NVIDIA GeForce RTX 5090 Laptop GPU, 653 MiB, 24463 MiB, 55, 19.48 W, 0 %
2026/09/25 08:19:45.981, NVIDIA GeForce RTX 5090 Laptop GPU, 653 MiB, 24463 MiB, 54, 19.76 W, 0 %
2026/09/25 08:19:46.482, NVIDIA GeForce RTX 5090 Laptop GPU, 653 MiB, 24463 MiB, 54, 20.25 W, 1 %
2026/09/25 08:19:46.984, NVIDIA GeForce RTX 5090 Laptop GPU, 653 MiB, 24463 MiB, 54, 18.87 W, 0 %
2026/09/25 08:19:47.486, NVIDIA GeForce RTX 5090 Laptop GPU, 653 MiB, 24463 MiB, 54, 17.01 W, 2 %
2026/09/25 08:19:47.988, NVIDIA GeForce RTX 5090 Laptop GPU, 653 MiB, 24463 MiB, 54, 17.07 W, 1 %
2026/09/25 08:19:48.491, NVIDIA GeForce RTX 5090 Laptop GPU, 653 MiB, 24463 MiB, 54, 17.90 W, 0 %
2026/09/25 08:19:48.994, NVIDIA GeForce RTX 5090 Laptop GPU, 653 MiB, 24463 MiB, 54, 19.83 W, 0 %
2026/09/25 08:19:49.496, NVIDIA GeForce RTX 5090 Laptop GPU, 653 MiB, 24463 MiB, 54, 20.31 W, 1 %
2026/09/25 08:19:49.998, NVIDIA GeForce RTX 5090 Laptop GPU, 653 MiB, 24463 MiB, 54, 19.74 W, 1 %
2026/09/25 08:19:50.500, NVIDIA GeForce RTX 5090 Laptop GPU, 653 MiB, 24463 MiB, 54, 19.67 W, 0 %
2026/09/25 08:19:51.002, NVIDIA GeForce RTX 5090 Laptop GPU, 653 MiB, 24463 MiB, 54, 20.21 W, 1 %
2026/09/25 08:19:51.504, NVIDIA GeForce RTX 5090 Laptop GPU, 653 MiB, 24463 MiB, 54, 19.83 W, 0 %
2026/09/25 08:19:52.007, NVIDIA GeForce RTX 5090 Laptop GPU, 653 MiB, 24463 MiB, 54, 19.08 W, 0 %
2026/09/25 08:19:52.510, NVIDIA GeForce RTX 5090 Laptop GPU, 653 MiB, 24463 MiB, 54, 18.95 W, 2 %
2026/09/25 08:19:53.013, NVIDIA GeForce RTX 5090 Laptop GPU, 653 MiB, 24463 MiB, 54, 17.94 W, 2 %
2026/09/25 08:19:53.515, NVIDIA GeForce RTX 5090 Laptop GPU, 653 MiB, 24463 MiB, 54, 18.10 W, 0 %
2026/09/25 08:19:54.017, NVIDIA GeForce RTX 5090 Laptop GPU, 653 MiB, 24463 MiB, 54, 19.75 W, 0 %
2026/09/25 08:19:54.519, NVIDIA GeForce RTX 5090 Laptop GPU, 653 MiB, 24463 MiB, 54, 19.92 W, 1 %
2026/09/25 08:19:55.021, NVIDIA GeForce RTX 5090 Laptop GPU, 653 MiB, 24463 MiB, 54, 19.41 W, 0 %
2026/09/25 08:19:55.522, NVIDIA GeForce RTX 5090 Laptop GPU, 653 MiB, 24463 MiB, 54, 19.71 W, 1 %
2026/09/25 08:19:56.024, NVIDIA GeForce RTX 5090 Laptop GPU, 653 MiB, 24463 MiB, 54, 21.00 W, 1 %
2026/09/25 08:19:56.526, NVIDIA GeForce RTX 5090 Laptop GPU, 653 MiB, 24463 MiB, 54, 18.51 W, 0 %
2026/09/25 08:19:57.027, NVIDIA GeForce RTX 5090 Laptop GPU, 653 MiB, 24463 MiB, 53, 18.21 W, 0 %
2026/09/25 08:19:57.529, NVIDIA GeForce RTX 5090 Laptop GPU, 653 MiB, 24463 MiB, 53, 18.11 W, 3 %
2026/09/25 08:19:58.031, NVIDIA GeForce RTX 5090 Laptop GPU, 653 MiB, 24463 MiB, 54, 16.14 W, 2 %
2026/09/25 08:19:58.533, NVIDIA GeForce RTX 5090 Laptop GPU, 653 MiB, 24463 MiB, 53, 16.85 W, 0 %
2026/09/25 08:19:59.035, NVIDIA GeForce RTX 5090 Laptop GPU, 653 MiB, 24463 MiB, 54, 19.91 W, 1 %
2026/09/25 08:19:59.537, NVIDIA GeForce RTX 5090 Laptop GPU, 653 MiB, 24463 MiB, 53, 19.50 W, 0 %
2026/09/25 08:20:00.039, NVIDIA GeForce RTX 5090 Laptop GPU, 653 MiB, 24463 MiB, 53, 19.36 W, 0 %
2026/09/25 08:20:00.541, NVIDIA GeForce RTX 5090 Laptop GPU, 653 MiB, 24463 MiB, 53, 19.99 W, 1 %
2026/09/25 08:20:01.043, NVIDIA GeForce RTX 5090 Laptop GPU, 653 MiB, 24463 MiB, 53, 19.69 W, 1 %
2026/09/25 08:20:01.545, NVIDIA GeForce RTX 5090 Laptop GPU, 653 MiB, 24463 MiB, 53, 19.37 W, 0 %
2026/09/25 08:20:02.048, NVIDIA GeForce RTX 5090 Laptop GPU, 653 MiB, 24463 MiB, 53, 19.34 W, 1 %
2026/09/25 08:20:02.550, NVIDIA GeForce RTX 5090 Laptop GPU, 653 MiB, 24463 MiB, 53, 17.54 W, 2 %
2026/09/25 08:20:03.052, NVIDIA GeForce RTX 5090 Laptop GPU, 653 MiB, 24463 MiB, 53, 14.53 W, 0 %
2026/09/25 08:20:03.555, NVIDIA GeForce RTX 5090 Laptop GPU, 653 MiB, 24463 MiB, 53, 14.06 W, 2 %
2026/09/25 08:20:04.057, NVIDIA GeForce RTX 5090 Laptop GPU, 653 MiB, 24463 MiB, 53, 15.78 W, 3 %
2026/09/25 08:20:04.559, NVIDIA GeForce RTX 5090 Laptop GPU, 653 MiB, 24463 MiB, 53, 19.90 W, 1 %
2026/09/25 08:20:05.062, NVIDIA GeForce RTX 5090 Laptop GPU, 653 MiB, 24463 MiB, 53, 18.56 W, 0 %
2026/09/25 08:20:05.565, NVIDIA GeForce RTX 5090 Laptop GPU, 653 MiB, 24463 MiB, 53, 19.54 W, 1 %
2026/09/25 08:20:06.068, NVIDIA GeForce RTX 5090 Laptop GPU, 653 MiB, 24463 MiB, 53, 19.02 W, 0 %
2026/09/25 08:20:06.570, NVIDIA GeForce RTX 5090 Laptop GPU, 653 MiB, 24463 MiB, 53, 19.19 W, 0 %
2026/09/25 08:20:07.073, NVIDIA GeForce RTX 5090 Laptop GPU, 653 MiB, 24463 MiB, 53, 19.62 W, 1 %
2026/09/25 08:20:07.575, NVIDIA GeForce RTX 5090 Laptop GPU, 653 MiB, 24463 MiB, 53, 19.64 W, 1 %
2026/09/25 08:20:08.077, NVIDIA GeForce RTX 5090 Laptop GPU, 653 MiB, 24463 MiB, 53, 18.64 W, 0 %
2026/09/25 08:20:08.581, NVIDIA GeForce RTX 5090 Laptop GPU, 653 MiB, 24463 MiB, 53, 16.66 W, 2 %
2026/09/25 08:20:09.084, NVIDIA GeForce RTX 5090 Laptop GPU, 653 MiB, 24463 MiB, 53, 15.86 W, 2 %
2026/09/25 08:20:09.586, NVIDIA GeForce RTX 5090 Laptop GPU, 658 MiB, 24463 MiB, 53, 20.56 W, 1 %
2026/09/25 08:20:10.087, NVIDIA GeForce RTX 5090 Laptop GPU, 658 MiB, 24463 MiB, 53, 18.45 W, 1 %
2026/09/25 08:20:10.591, NVIDIA GeForce RTX 5090 Laptop GPU, 653 MiB, 24463 MiB, 53, 20.86 W, 1 %
2026/09/25 08:20:11.093, NVIDIA GeForce RTX 5090 Laptop GPU, 653 MiB, 24463 MiB, 53, 18.80 W, 0 %
2026/09/25 08:20:11.597, NVIDIA GeForce RTX 5090 Laptop GPU, 653 MiB, 24463 MiB, 53, 18.41 W, 0 %
2026/09/25 08:20:12.100, NVIDIA GeForce RTX 5090 Laptop GPU, 653 MiB, 24463 MiB, 53, 20.43 W, 2 %
2026/09/25 08:20:12.602, NVIDIA GeForce RTX 5090 Laptop GPU, 653 MiB, 24463 MiB, 53, 21.05 W, 1 %
2026/09/25 08:20:13.105, NVIDIA GeForce RTX 5090 Laptop GPU, 653 MiB, 24463 MiB, 53, 17.26 W, 1 %
2026/09/25 08:20:13.608, NVIDIA GeForce RTX 5090 Laptop GPU, 653 MiB, 24463 MiB, 53, 18.09 W, 1 %
2026/09/25 08:20:14.111, NVIDIA GeForce RTX 5090 Laptop GPU, 653 MiB, 24463 MiB, 53, 16.57 W, 0 %
2026/09/25 08:20:14.613, NVIDIA GeForce RTX 5090 Laptop GPU, 653 MiB, 24463 MiB, 53, 17.29 W, 0 %
2026/09/25 08:20:15.116, NVIDIA GeForce RTX 5090 Laptop GPU, 653 MiB, 24463 MiB, 53, 19.83 W, 1 %
2026/09/25 08:20:15.618, NVIDIA GeForce RTX 5090 Laptop GPU, 653 MiB, 24463 MiB, 53, 19.19 W, 0 %
2026/09/25 08:20:16.120, NVIDIA GeForce RTX 5090 Laptop GPU, 653 MiB, 24463 MiB, 53, 19.51 W, 1 %
2026/09/25 08:20:16.623, NVIDIA GeForce RTX 5090 Laptop GPU, 653 MiB, 24463 MiB, 53, 19.82 W, 1 %
2026/09/25 08:20:17.126, NVIDIA GeForce RTX 5090 Laptop GPU, 653 MiB, 24463 MiB, 53, 19.36 W, 0 %
2026/09/25 08:20:17.628, NVIDIA GeForce RTX 5090 Laptop GPU, 653 MiB, 24463 MiB, 53, 19.45 W, 0 %
2026/09/25 08:20:18.131, NVIDIA GeForce RTX 5090 Laptop GPU, 653 MiB, 24463 MiB, 52, 19.22 W, 3 %
2026/09/25 08:20:18.633, NVIDIA GeForce RTX 5090 Laptop GPU, 653 MiB, 24463 MiB, 52, 17.34 W, 3 %
2026/09/25 08:20:19.135, NVIDIA GeForce RTX 5090 Laptop GPU, 653 MiB, 24463 MiB, 52, 14.78 W, 0 %
2026/09/25 08:20:19.639, NVIDIA GeForce RTX 5090 Laptop GPU, 658 MiB, 24463 MiB, 53, 18.72 W, 1 %
2026/09/25 08:20:20.142, NVIDIA GeForce RTX 5090 Laptop GPU, 658 MiB, 24463 MiB, 53, 20.55 W, 1 %
2026/09/25 08:20:20.643, NVIDIA GeForce RTX 5090 Laptop GPU, 658 MiB, 24463 MiB, 53, 19.34 W, 0 %
2026/09/25 08:20:21.146, NVIDIA GeForce RTX 5090 Laptop GPU, 658 MiB, 24463 MiB, 53, 18.41 W, 1 %
2026/09/25 08:20:21.647, NVIDIA GeForce RTX 5090 Laptop GPU, 658 MiB, 24463 MiB, 53, 21.39 W, 2 %
2026/09/25 08:20:22.149, NVIDIA GeForce RTX 5090 Laptop GPU, 658 MiB, 24463 MiB, 53, 18.32 W, 0 %
2026/09/25 08:20:22.651, NVIDIA GeForce RTX 5090 Laptop GPU, 658 MiB, 24463 MiB, 53, 19.54 W, 0 %
2026/09/25 08:20:23.153, NVIDIA GeForce RTX 5090 Laptop GPU, 658 MiB, 24463 MiB, 53, 18.70 W, 2 %
2026/09/25 08:20:23.656, NVIDIA GeForce RTX 5090 Laptop GPU, 658 MiB, 24463 MiB, 53, 16.02 W, 0 %
2026/09/25 08:20:24.158, NVIDIA GeForce RTX 5090 Laptop GPU, 658 MiB, 24463 MiB, 53, 12.12 W, 0 %
2026/09/25 08:20:24.661, NVIDIA GeForce RTX 5090 Laptop GPU, 658 MiB, 24463 MiB, 53, 20.55 W, 1 %
2026/09/25 08:20:25.163, NVIDIA GeForce RTX 5090 Laptop GPU, 658 MiB, 24463 MiB, 53, 20.98 W, 1 %
2026/09/25 08:20:25.665, NVIDIA GeForce RTX 5090 Laptop GPU, 658 MiB, 24463 MiB, 53, 18.31 W, 0 %
2026/09/25 08:20:26.167, NVIDIA GeForce RTX 5090 Laptop GPU, 671 MiB, 24463 MiB, 53, 18.70 W, 1 %
2026/09/25 08:20:26.668, NVIDIA GeForce RTX 5090 Laptop GPU, 671 MiB, 24463 MiB, 53, 20.74 W, 1 %
2026/09/25 08:20:27.170, NVIDIA GeForce RTX 5090 Laptop GPU, 671 MiB, 24463 MiB, 53, 18.27 W, 0 %
2026/09/25 08:20:27.672, NVIDIA GeForce RTX 5090 Laptop GPU, 671 MiB, 24463 MiB, 53, 16.48 W, 1 %
2026/09/25 08:20:28.175, NVIDIA GeForce RTX 5090 Laptop GPU, 671 MiB, 24463 MiB, 53, 19.15 W, 2 %
2026/09/25 08:20:28.682, NVIDIA GeForce RTX 5090 Laptop GPU, 671 MiB, 24463 MiB, 53, 14.71 W, 0 %
2026/09/25 08:20:29.185, NVIDIA GeForce RTX 5090 Laptop GPU, 666 MiB, 24463 MiB, 53, 11.47 W, 0 %
2026/09/25 08:20:29.689, NVIDIA GeForce RTX 5090 Laptop GPU, 666 MiB, 24463 MiB, 53, 20.22 W, 3 %
2026/09/25 08:20:30.192, NVIDIA GeForce RTX 5090 Laptop GPU, 666 MiB, 24463 MiB, 53, 21.74 W, 1 %
2026/09/25 08:20:30.697, NVIDIA GeForce RTX 5090 Laptop GPU, 666 MiB, 24463 MiB, 53, 18.29 W, 0 %
2026/09/25 08:20:31.199, NVIDIA GeForce RTX 5090 Laptop GPU, 666 MiB, 24463 MiB, 53, 19.57 W, 1 %
2026/09/25 08:20:31.701, NVIDIA GeForce RTX 5090 Laptop GPU, 662 MiB, 24463 MiB, 53, 19.36 W, 0 %
2026/09/25 08:20:32.203, NVIDIA GeForce RTX 5090 Laptop GPU, 662 MiB, 24463 MiB, 53, 19.23 W, 0 %
2026/09/25 08:20:32.705, NVIDIA GeForce RTX 5090 Laptop GPU, 653 MiB, 24463 MiB, 53, 19.56 W, 1 %
2026/09/25 08:20:33.207, NVIDIA GeForce RTX 5090 Laptop GPU, 653 MiB, 24463 MiB, 53, 18.68 W, 2 %
2026/09/25 08:20:33.710, NVIDIA GeForce RTX 5090 Laptop GPU, 653 MiB, 24463 MiB, 53, 16.26 W, 0 %
2026/09/25 08:20:34.212, NVIDIA GeForce RTX 5090 Laptop GPU, 653 MiB, 24463 MiB, 53, 12.69 W, 2 %
2026/09/25 08:20:34.715, NVIDIA GeForce RTX 5090 Laptop GPU, 653 MiB, 24463 MiB, 52, 21.33 W, 2 %
2026/09/25 08:20:35.217, NVIDIA GeForce RTX 5090 Laptop GPU, 653 MiB, 24463 MiB, 53, 18.70 W, 0 %
2026/09/25 08:20:35.719, NVIDIA GeForce RTX 5090 Laptop GPU, 653 MiB, 24463 MiB, 53, 19.45 W, 1 %
2026/09/25 08:20:36.221, NVIDIA GeForce RTX 5090 Laptop GPU, 653 MiB, 24463 MiB, 53, 19.83 W, 2 %
2026/09/25 08:20:36.723, NVIDIA GeForce RTX 5090 Laptop GPU, 653 MiB, 24463 MiB, 53, 19.24 W, 0 %
2026/09/25 08:20:37.225, NVIDIA GeForce RTX 5090 Laptop GPU, 653 MiB, 24463 MiB, 53, 19.50 W, 0 %
2026/09/25 08:20:37.728, NVIDIA GeForce RTX 5090 Laptop GPU, 653 MiB, 24463 MiB, 53, 19.62 W, 1 %
2026/09/25 08:20:38.230, NVIDIA GeForce RTX 5090 Laptop GPU, 653 MiB, 24463 MiB, 52, 18.45 W, 1 %
2026/09/25 08:20:38.732, NVIDIA GeForce RTX 5090 Laptop GPU, 653 MiB, 24463 MiB, 52, 15.56 W, 1 %
2026/09/25 08:20:39.235, NVIDIA GeForce RTX 5090 Laptop GPU, 653 MiB, 24463 MiB, 52, 13.88 W, 2 %
2026/09/25 08:20:39.738, NVIDIA GeForce RTX 5090 Laptop GPU, 653 MiB, 24463 MiB, 52, 13.09 W, 0 %
2026/09/25 08:20:40.241, NVIDIA GeForce RTX 5090 Laptop GPU, 653 MiB, 24463 MiB, 52, 13.23 W, 0 %
2026/09/25 08:20:40.744, NVIDIA GeForce RTX 5090 Laptop GPU, 653 MiB, 24463 MiB, 52, 16.08 W, 1 %
2026/09/25 08:20:41.246, NVIDIA GeForce RTX 5090 Laptop GPU, 653 MiB, 24463 MiB, 52, 18.37 W, 1 %
2026/09/25 08:20:41.748, NVIDIA GeForce RTX 5090 Laptop GPU, 653 MiB, 24463 MiB, 52, 19.10 W, 0 %
2026/09/25 08:20:42.251, NVIDIA GeForce RTX 5090 Laptop GPU, 653 MiB, 24463 MiB, 52, 19.75 W, 1 %
2026/09/25 08:20:42.753, NVIDIA GeForce RTX 5090 Laptop GPU, 653 MiB, 24463 MiB, 52, 19.65 W, 1 %
2026/09/25 08:20:43.255, NVIDIA GeForce RTX 5090 Laptop GPU, 653 MiB, 24463 MiB, 52, 19.36 W, 0 %
2026/09/25 08:20:43.757, NVIDIA GeForce RTX 5090 Laptop GPU, 653 MiB, 24463 MiB, 52, 19.01 W, 0 %
2026/09/25 08:20:44.263, NVIDIA GeForce RTX 5090 Laptop GPU, 653 MiB, 24463 MiB, 52, 18.32 W, 2 %
2026/09/25 08:20:44.766, NVIDIA GeForce RTX 5090 Laptop GPU, 653 MiB, 24463 MiB, 52, 15.60 W, 3 %
2026/09/25 08:20:45.273, NVIDIA GeForce RTX 5090 Laptop GPU, 653 MiB, 24463 MiB, 52, 13.27 W, 1 %
2026/09/25 08:20:45.776, NVIDIA GeForce RTX 5090 Laptop GPU, 653 MiB, 24463 MiB, 52, 16.20 W, 1 %
2026/09/25 08:20:46.278, NVIDIA GeForce RTX 5090 Laptop GPU, 653 MiB, 24463 MiB, 52, 18.11 W, 0 %
2026/09/25 08:20:46.781, NVIDIA GeForce RTX 5090 Laptop GPU, 653 MiB, 24463 MiB, 52, 19.45 W, 0 %
2026/09/25 08:20:47.283, NVIDIA GeForce RTX 5090 Laptop GPU, 653 MiB, 24463 MiB, 52, 19.88 W, 1 %
2026/09/25 08:20:47.785, NVIDIA GeForce RTX 5090 Laptop GPU, 653 MiB, 24463 MiB, 52, 19.19 W, 1 %
2026/09/25 08:20:48.288, NVIDIA GeForce RTX 5090 Laptop GPU, 653 MiB, 24463 MiB, 52, 19.30 W, 0 %
2026/09/25 08:20:48.790, NVIDIA GeForce RTX 5090 Laptop GPU, 653 MiB, 24463 MiB, 52, 19.51 W, 2 %
2026/09/25 08:20:49.293, NVIDIA GeForce RTX 5090 Laptop GPU, 653 MiB, 24463 MiB, 52, 18.68 W, 0 %
2026/09/25 08:20:49.794, NVIDIA GeForce RTX 5090 Laptop GPU, 653 MiB, 24463 MiB, 52, 17.30 W, 0 %
2026/09/25 08:20:50.296, NVIDIA GeForce RTX 5090 Laptop GPU, 653 MiB, 24463 MiB, 52, 12.03 W, 4 %
2026/09/25 08:20:50.809, NVIDIA GeForce RTX 5090 Laptop GPU, 653 MiB, 24463 MiB, 52, 14.04 W, 2 %
2026/09/25 08:20:51.312, NVIDIA GeForce RTX 5090 Laptop GPU, 653 MiB, 24463 MiB, 52, 16.73 W, 0 %
2026/09/25 08:20:51.814, NVIDIA GeForce RTX 5090 Laptop GPU, 653 MiB, 24463 MiB, 52, 19.56 W, 1 %
2026/09/25 08:20:52.316, NVIDIA GeForce RTX 5090 Laptop GPU, 653 MiB, 24463 MiB, 52, 19.29 W, 0 %
2026/09/25 08:20:52.817, NVIDIA GeForce RTX 5090 Laptop GPU, 653 MiB, 24463 MiB, 52, 19.02 W, 0 %
2026/09/25 08:20:53.320, NVIDIA GeForce RTX 5090 Laptop GPU, 653 MiB, 24463 MiB, 52, 19.59 W, 1 %
2026/09/25 08:20:53.823, NVIDIA GeForce RTX 5090 Laptop GPU, 653 MiB, 24463 MiB, 52, 19.27 W, 1 %
2026/09/25 08:20:54.325, NVIDIA GeForce RTX 5090 Laptop GPU, 653 MiB, 24463 MiB, 52, 19.01 W, 0 %
2026/09/25 08:20:54.828, NVIDIA GeForce RTX 5090 Laptop GPU, 653 MiB, 24463 MiB, 52, 19.19 W, 1 %
2026/09/25 08:20:55.329, NVIDIA GeForce RTX 5090 Laptop GPU, 653 MiB, 24463 MiB, 51, 18.77 W, 2 %
2026/09/25 08:20:55.831, NVIDIA GeForce RTX 5090 Laptop GPU, 653 MiB, 24463 MiB, 51, 16.89 W, 0 %
2026/09/25 08:20:56.333, NVIDIA GeForce RTX 5090 Laptop GPU, 653 MiB, 24463 MiB, 52, 17.82 W, 1 %
2026/09/25 08:20:56.835, NVIDIA GeForce RTX 5090 Laptop GPU, 653 MiB, 24463 MiB, 51, 19.03 W, 1 %
2026/09/25 08:20:57.338, NVIDIA GeForce RTX 5090 Laptop GPU, 653 MiB, 24463 MiB, 52, 17.98 W, 0 %
2026/09/25 08:20:57.841, NVIDIA GeForce RTX 5090 Laptop GPU, 653 MiB, 24463 MiB, 52, 17.80 W, 0 %
2026/09/25 08:20:58.349, NVIDIA GeForce RTX 5090 Laptop GPU, 653 MiB, 24463 MiB, 51, 20.32 W, 1 %
2026/09/25 08:20:58.854, NVIDIA GeForce RTX 5090 Laptop GPU, 653 MiB, 24463 MiB, 52, 18.80 W, 1 %
2026/09/25 08:20:59.356, NVIDIA GeForce RTX 5090 Laptop GPU, 653 MiB, 24463 MiB, 52, 19.08 W, 0 %
2026/09/25 08:20:59.858, NVIDIA GeForce RTX 5090 Laptop GPU, 653 MiB, 24463 MiB, 51, 18.94 W, 1 %
2026/09/25 08:21:00.361, NVIDIA GeForce RTX 5090 Laptop GPU, 653 MiB, 24463 MiB, 51, 18.36 W, 3 %
2026/09/25 08:21:00.879, NVIDIA GeForce RTX 5090 Laptop GPU, 653 MiB, 24463 MiB, 52, 15.39 W, 0 %
2026/09/25 08:21:01.381, NVIDIA GeForce RTX 5090 Laptop GPU, 653 MiB, 24463 MiB, 52, 16.70 W, 0 %
2026/09/25 08:21:01.883, NVIDIA GeForce RTX 5090 Laptop GPU, 653 MiB, 24463 MiB, 51, 19.16 W, 1 %
2026/09/25 08:21:02.385, NVIDIA GeForce RTX 5090 Laptop GPU, 653 MiB, 24463 MiB, 51, 18.14 W, 0 %
2026/09/25 08:21:02.887, NVIDIA GeForce RTX 5090 Laptop GPU, 653 MiB, 24463 MiB, 52, 19.23 W, 0 %
2026/09/25 08:21:03.389, NVIDIA GeForce RTX 5090 Laptop GPU, 653 MiB, 24463 MiB, 51, 19.75 W, 1 %
2026/09/25 08:21:03.892, NVIDIA GeForce RTX 5090 Laptop GPU, 653 MiB, 24463 MiB, 51, 19.20 W, 0 %
2026/09/25 08:21:04.394, NVIDIA GeForce RTX 5090 Laptop GPU, 653 MiB, 24463 MiB, 51, 19.09 W, 0 %
2026/09/25 08:21:04.896, NVIDIA GeForce RTX 5090 Laptop GPU, 653 MiB, 24463 MiB, 51, 19.22 W, 2 %
2026/09/25 08:21:05.399, NVIDIA GeForce RTX 5090 Laptop GPU, 653 MiB, 24463 MiB, 51, 17.57 W, 3 %
2026/09/25 08:21:05.901, NVIDIA GeForce RTX 5090 Laptop GPU, 653 MiB, 24463 MiB, 51, 15.01 W, 1 %
2026/09/25 08:21:06.404, NVIDIA GeForce RTX 5090 Laptop GPU, 653 MiB, 24463 MiB, 51, 16.07 W, 1 %
2026/09/25 08:21:06.907, NVIDIA GeForce RTX 5090 Laptop GPU, 653 MiB, 24463 MiB, 51, 18.21 W, 1 %
2026/09/25 08:21:07.409, NVIDIA GeForce RTX 5090 Laptop GPU, 653 MiB, 24463 MiB, 51, 18.97 W, 0 %
2026/09/25 08:21:07.912, NVIDIA GeForce RTX 5090 Laptop GPU, 653 MiB, 24463 MiB, 51, 19.41 W, 1 %
2026/09/25 08:21:08.414, NVIDIA GeForce RTX 5090 Laptop GPU, 653 MiB, 24463 MiB, 51, 19.53 W, 1 %
2026/09/25 08:21:08.916, NVIDIA GeForce RTX 5090 Laptop GPU, 653 MiB, 24463 MiB, 51, 18.99 W, 0 %
2026/09/25 08:21:09.418, NVIDIA GeForce RTX 5090 Laptop GPU, 653 MiB, 24463 MiB, 51, 19.29 W, 0 %
2026/09/25 08:21:09.922, NVIDIA GeForce RTX 5090 Laptop GPU, 653 MiB, 24463 MiB, 51, 19.24 W, 2 %
2026/09/25 08:21:10.425, NVIDIA GeForce RTX 5090 Laptop GPU, 653 MiB, 24463 MiB, 51, 18.07 W, 1 %
2026/09/25 08:21:10.930, NVIDIA GeForce RTX 5090 Laptop GPU, 653 MiB, 24463 MiB, 51, 16.37 W, 1 %
2026/09/25 08:21:11.433, NVIDIA GeForce RTX 5090 Laptop GPU, 653 MiB, 24463 MiB, 51, 14.68 W, 2 %
2026/09/25 08:21:11.936, NVIDIA GeForce RTX 5090 Laptop GPU, 653 MiB, 24463 MiB, 51, 13.88 W, 0 %
2026/09/25 08:21:12.438, NVIDIA GeForce RTX 5090 Laptop GPU, 653 MiB, 24463 MiB, 51, 16.50 W, 0 %
2026/09/25 08:21:12.940, NVIDIA GeForce RTX 5090 Laptop GPU, 653 MiB, 24463 MiB, 51, 19.53 W, 1 %
2026/09/25 08:21:13.442, NVIDIA GeForce RTX 5090 Laptop GPU, 653 MiB, 24463 MiB, 51, 19.37 W, 1 %
2026/09/25 08:21:13.945, NVIDIA GeForce RTX 5090 Laptop GPU, 653 MiB, 24463 MiB, 51, 19.06 W, 0 %
2026/09/25 08:21:14.448, NVIDIA GeForce RTX 5090 Laptop GPU, 653 MiB, 24463 MiB, 51, 19.58 W, 1 %
2026/09/25 08:21:14.951, NVIDIA GeForce RTX 5090 Laptop GPU, 653 MiB, 24463 MiB, 51, 19.30 W, 1 %
2026/09/25 08:21:15.453, NVIDIA GeForce RTX 5090 Laptop GPU, 653 MiB, 24463 MiB, 51, 18.90 W, 0 %
2026/09/25 08:21:15.956, NVIDIA GeForce RTX 5090 Laptop GPU, 653 MiB, 24463 MiB, 51, 18.60 W, 2 %
2026/09/25 08:21:16.458, NVIDIA GeForce RTX 5090 Laptop GPU, 653 MiB, 24463 MiB, 51, 18.56 W, 3 %
2026/09/25 08:21:16.964, NVIDIA GeForce RTX 5090 Laptop GPU, 653 MiB, 24463 MiB, 51, 16.05 W, 2 %
2026/09/25 08:21:17.472, NVIDIA GeForce RTX 5090 Laptop GPU, 653 MiB, 24463 MiB, 51, 12.67 W, 1 %
2026/09/25 08:21:17.975, NVIDIA GeForce RTX 5090 Laptop GPU, 653 MiB, 24463 MiB, 51, 20.04 W, 1 %
2026/09/25 08:21:18.476, NVIDIA GeForce RTX 5090 Laptop GPU, 653 MiB, 24463 MiB, 51, 19.34 W, 0 %
2026/09/25 08:21:18.978, NVIDIA GeForce RTX 5090 Laptop GPU, 653 MiB, 24463 MiB, 51, 18.99 W, 0 %
2026/09/25 08:21:19.481, NVIDIA GeForce RTX 5090 Laptop GPU, 653 MiB, 24463 MiB, 51, 19.68 W, 1 %
2026/09/25 08:21:19.983, NVIDIA GeForce RTX 5090 Laptop GPU, 653 MiB, 24463 MiB, 51, 20.09 W, 1 %
2026/09/25 08:21:20.486, NVIDIA GeForce RTX 5090 Laptop GPU, 653 MiB, 24463 MiB, 51, 18.86 W, 0 %
2026/09/25 08:21:20.988, NVIDIA GeForce RTX 5090 Laptop GPU, 653 MiB, 24463 MiB, 51, 18.33 W, 1 %
2026/09/25 08:21:21.489, NVIDIA GeForce RTX 5090 Laptop GPU, 653 MiB, 24463 MiB, 51, 18.98 W, 1 %
2026/09/25 08:21:21.992, NVIDIA GeForce RTX 5090 Laptop GPU, 653 MiB, 24463 MiB, 51, 18.43 W, 0 %
2026/09/25 08:21:22.494, NVIDIA GeForce RTX 5090 Laptop GPU, 653 MiB, 24463 MiB, 51, 18.53 W, 2 %
2026/09/25 08:21:22.997, NVIDIA GeForce RTX 5090 Laptop GPU, 653 MiB, 24463 MiB, 51, 17.39 W, 3 %
2026/09/25 08:21:23.499, NVIDIA GeForce RTX 5090 Laptop GPU, 653 MiB, 24463 MiB, 51, 14.36 W, 1 %
2026/09/25 08:21:24.003, NVIDIA GeForce RTX 5090 Laptop GPU, 653 MiB, 24463 MiB, 51, 15.83 W, 1 %
2026/09/25 08:21:24.505, NVIDIA GeForce RTX 5090 Laptop GPU, 653 MiB, 24463 MiB, 51, 18.18 W, 0 %
2026/09/25 08:21:25.007, NVIDIA GeForce RTX 5090 Laptop GPU, 653 MiB, 24463 MiB, 51, 19.12 W, 0 %
2026/09/25 08:21:25.509, NVIDIA GeForce RTX 5090 Laptop GPU, 653 MiB, 24463 MiB, 51, 19.43 W, 1 %
2026/09/25 08:21:26.012, NVIDIA GeForce RTX 5090 Laptop GPU, 653 MiB, 24463 MiB, 51, 19.04 W, 1 %
2026/09/25 08:21:26.514, NVIDIA GeForce RTX 5090 Laptop GPU, 653 MiB, 24463 MiB, 51, 19.05 W, 0 %
2026/09/25 08:21:27.016, NVIDIA GeForce RTX 5090 Laptop GPU, 666 MiB, 24463 MiB, 51, 19.63 W, 1 %
2026/09/25 08:21:27.518, NVIDIA GeForce RTX 5090 Laptop GPU, 666 MiB, 24463 MiB, 51, 19.29 W, 0 %
2026/09/25 08:21:28.020, NVIDIA GeForce RTX 5090 Laptop GPU, 666 MiB, 24463 MiB, 51, 18.39 W, 0 %
2026/09/25 08:21:28.522, NVIDIA GeForce RTX 5090 Laptop GPU, 666 MiB, 24463 MiB, 51, 18.58 W, 2 %
2026/09/25 08:21:29.025, NVIDIA GeForce RTX 5090 Laptop GPU, 666 MiB, 24463 MiB, 51, 16.83 W, 5 %
2026/09/25 08:21:29.528, NVIDIA GeForce RTX 5090 Laptop GPU, 666 MiB, 24463 MiB, 51, 14.21 W, 0 %
2026/09/25 08:21:30.031, NVIDIA GeForce RTX 5090 Laptop GPU, 666 MiB, 24463 MiB, 51, 15.87 W, 0 %
2026/09/25 08:21:30.533, NVIDIA GeForce RTX 5090 Laptop GPU, 666 MiB, 24463 MiB, 51, 20.34 W, 1 %
2026/09/25 08:21:31.035, NVIDIA GeForce RTX 5090 Laptop GPU, 666 MiB, 24463 MiB, 51, 18.01 W, 0 %
2026/09/25 08:21:31.539, NVIDIA GeForce RTX 5090 Laptop GPU, 666 MiB, 24463 MiB, 51, 18.17 W, 1 %
2026/09/25 08:21:32.041, NVIDIA GeForce RTX 5090 Laptop GPU, 662 MiB, 24463 MiB, 51, 19.49 W, 2 %
2026/09/25 08:21:32.544, NVIDIA GeForce RTX 5090 Laptop GPU, 662 MiB, 24463 MiB, 51, 19.02 W, 0 %
2026/09/25 08:21:33.046, NVIDIA GeForce RTX 5090 Laptop GPU, 662 MiB, 24463 MiB, 51, 18.65 W, 0 %
2026/09/25 08:21:33.548, NVIDIA GeForce RTX 5090 Laptop GPU, 653 MiB, 24463 MiB, 51, 18.15 W, 2 %
2026/09/25 08:21:34.051, NVIDIA GeForce RTX 5090 Laptop GPU, 653 MiB, 24463 MiB, 51, 15.07 W, 2 %
2026/09/25 08:21:34.553, NVIDIA GeForce RTX 5090 Laptop GPU, 653 MiB, 24463 MiB, 51, 13.15 W, 1 %
2026/09/25 08:21:35.055, NVIDIA GeForce RTX 5090 Laptop GPU, 653 MiB, 24463 MiB, 51, 13.99 W, 3 %
2026/09/25 08:21:35.557, NVIDIA GeForce RTX 5090 Laptop GPU, 653 MiB, 24463 MiB, 51, 14.62 W, 0 %
2026/09/25 08:21:36.061, NVIDIA GeForce RTX 5090 Laptop GPU, 653 MiB, 24463 MiB, 51, 16.74 W, 0 %
2026/09/25 08:21:36.563, NVIDIA GeForce RTX 5090 Laptop GPU, 653 MiB, 24463 MiB, 51, 19.35 W, 0 %
2026/09/25 08:21:37.065, NVIDIA GeForce RTX 5090 Laptop GPU, 653 MiB, 24463 MiB, 51, 19.64 W, 1 %
2026/09/25 08:21:37.568, NVIDIA GeForce RTX 5090 Laptop GPU, 653 MiB, 24463 MiB, 51, 18.84 W, 0 %
2026/09/25 08:21:38.071, NVIDIA GeForce RTX 5090 Laptop GPU, 653 MiB, 24463 MiB, 51, 19.15 W, 0 %
2026/09/25 08:21:38.573, NVIDIA GeForce RTX 5090 Laptop GPU, 653 MiB, 24463 MiB, 51, 19.63 W, 1 %
2026/09/25 08:21:39.075, NVIDIA GeForce RTX 5090 Laptop GPU, 653 MiB, 24463 MiB, 51, 18.52 W, 0 %
2026/09/25 08:21:39.577, NVIDIA GeForce RTX 5090 Laptop GPU, 653 MiB, 24463 MiB, 50, 16.66 W, 0 %
2026/09/25 08:21:40.079, NVIDIA GeForce RTX 5090 Laptop GPU, 653 MiB, 24463 MiB, 51, 14.96 W, 3 %
2026/09/25 08:21:40.582, NVIDIA GeForce RTX 5090 Laptop GPU, 653 MiB, 24463 MiB, 51, 13.88 W, 2 %
2026/09/25 08:21:41.084, NVIDIA GeForce RTX 5090 Laptop GPU, 653 MiB, 24463 MiB, 51, 16.26 W, 0 %
2026/09/25 08:21:41.586, NVIDIA GeForce RTX 5090 Laptop GPU, 653 MiB, 24463 MiB, 51, 19.25 W, 1 %
2026/09/25 08:21:42.088, NVIDIA GeForce RTX 5090 Laptop GPU, 653 MiB, 24463 MiB, 51, 20.84 W, 1 %
2026/09/25 08:21:42.591, NVIDIA GeForce RTX 5090 Laptop GPU, 653 MiB, 24463 MiB, 51, 17.95 W, 0 %
2026/09/25 08:21:43.094, NVIDIA GeForce RTX 5090 Laptop GPU, 653 MiB, 24463 MiB, 51, 19.46 W, 1 %
2026/09/25 08:21:43.595, NVIDIA GeForce RTX 5090 Laptop GPU, 653 MiB, 24463 MiB, 51, 19.34 W, 1 %
2026/09/25 08:21:44.098, NVIDIA GeForce RTX 5090 Laptop GPU, 653 MiB, 24463 MiB, 50, 18.23 W, 0 %
2026/09/25 08:21:44.601, NVIDIA GeForce RTX 5090 Laptop GPU, 653 MiB, 24463 MiB, 50, 16.05 W, 0 %
2026/09/25 08:21:45.104, NVIDIA GeForce RTX 5090 Laptop GPU, 653 MiB, 24463 MiB, 51, 14.68 W, 4 %
2026/09/25 08:21:45.607, NVIDIA GeForce RTX 5090 Laptop GPU, 653 MiB, 24463 MiB, 51, 13.78 W, 2 %
2026/09/25 08:21:46.110, NVIDIA GeForce RTX 5090 Laptop GPU, 653 MiB, 24463 MiB, 51, 16.60 W, 0 %
2026/09/25 08:21:46.613, NVIDIA GeForce RTX 5090 Laptop GPU, 653 MiB, 24463 MiB, 51, 19.50 W, 1 %
2026/09/25 08:21:47.117, NVIDIA GeForce RTX 5090 Laptop GPU, 653 MiB, 24463 MiB, 51, 19.08 W, 0 %
2026/09/25 08:21:47.619, NVIDIA GeForce RTX 5090 Laptop GPU, 653 MiB, 24463 MiB, 51, 18.91 W, 0 %
2026/09/25 08:21:48.121, NVIDIA GeForce RTX 5090 Laptop GPU, 653 MiB, 24463 MiB, 51, 19.36 W, 1 %
2026/09/25 08:21:48.624, NVIDIA GeForce RTX 5090 Laptop GPU, 653 MiB, 24463 MiB, 51, 19.39 W, 1 %
2026/09/25 08:21:49.126, NVIDIA GeForce RTX 5090 Laptop GPU, 653 MiB, 24463 MiB, 50, 18.26 W, 0 %
2026/09/25 08:21:49.629, NVIDIA GeForce RTX 5090 Laptop GPU, 653 MiB, 24463 MiB, 50, 18.00 W, 1 %
2026/09/25 08:21:50.132, NVIDIA GeForce RTX 5090 Laptop GPU, 653 MiB, 24463 MiB, 50, 15.97 W, 3 %
2026/09/25 08:21:50.635, NVIDIA GeForce RTX 5090 Laptop GPU, 653 MiB, 24463 MiB, 50, 13.12 W, 0 %
2026/09/25 08:21:51.137, NVIDIA GeForce RTX 5090 Laptop GPU, 653 MiB, 24463 MiB, 50, 13.43 W, 2 %
2026/09/25 08:21:51.640, NVIDIA GeForce RTX 5090 Laptop GPU, 653 MiB, 24463 MiB, 50, 14.70 W, 1 %
2026/09/25 08:21:52.141, NVIDIA GeForce RTX 5090 Laptop GPU, 653 MiB, 24463 MiB, 50, 16.64 W, 0 %
2026/09/25 08:21:52.644, NVIDIA GeForce RTX 5090 Laptop GPU, 653 MiB, 24463 MiB, 50, 19.18 W, 0 %
2026/09/25 08:21:53.146, NVIDIA GeForce RTX 5090 Laptop GPU, 653 MiB, 24463 MiB, 50, 19.66 W, 1 %
2026/09/25 08:21:53.647, NVIDIA GeForce RTX 5090 Laptop GPU, 653 MiB, 24463 MiB, 50, 19.05 W, 1 %
2026/09/25 08:21:54.149, NVIDIA GeForce RTX 5090 Laptop GPU, 653 MiB, 24463 MiB, 50, 18.99 W, 0 %
2026/09/25 08:21:54.651, NVIDIA GeForce RTX 5090 Laptop GPU, 653 MiB, 24463 MiB, 50, 19.56 W, 1 %
2026/09/25 08:21:55.153, NVIDIA GeForce RTX 5090 Laptop GPU, 653 MiB, 24463 MiB, 50, 18.67 W, 0 %
2026/09/25 08:21:55.656, NVIDIA GeForce RTX 5090 Laptop GPU, 653 MiB, 24463 MiB, 50, 17.58 W, 0 %
2026/09/25 08:21:56.158, NVIDIA GeForce RTX 5090 Laptop GPU, 653 MiB, 24463 MiB, 50, 15.50 W, 3 %
2026/09/25 08:21:56.667, NVIDIA GeForce RTX 5090 Laptop GPU, 653 MiB, 24463 MiB, 50, 15.27 W, 3 %
2026/09/25 08:21:57.169, NVIDIA GeForce RTX 5090 Laptop GPU, 653 MiB, 24463 MiB, 50, 17.43 W, 1 %
2026/09/25 08:21:57.673, NVIDIA GeForce RTX 5090 Laptop GPU, 653 MiB, 24463 MiB, 50, 19.06 W, 0 %
2026/09/25 08:21:58.174, NVIDIA GeForce RTX 5090 Laptop GPU, 653 MiB, 24463 MiB, 50, 19.34 W, 1 %
2026/09/25 08:21:58.676, NVIDIA GeForce RTX 5090 Laptop GPU, 653 MiB, 24463 MiB, 50, 19.14 W, 0 %
2026/09/25 08:21:59.178, NVIDIA GeForce RTX 5090 Laptop GPU, 653 MiB, 24463 MiB, 50, 18.93 W, 0 %
2026/09/25 08:21:59.680, NVIDIA GeForce RTX 5090 Laptop GPU, 653 MiB, 24463 MiB, 50, 19.23 W, 1 %
2026/09/25 08:22:00.183, NVIDIA GeForce RTX 5090 Laptop GPU, 653 MiB, 24463 MiB, 50, 18.49 W, 2 %
2026/09/25 08:22:00.687, NVIDIA GeForce RTX 5090 Laptop GPU, 653 MiB, 24463 MiB, 50, 16.42 W, 0 %
2026/09/25 08:22:01.190, NVIDIA GeForce RTX 5090 Laptop GPU, 653 MiB, 24463 MiB, 50, 14.86 W, 2 %
2026/09/25 08:22:01.693, NVIDIA GeForce RTX 5090 Laptop GPU, 653 MiB, 24463 MiB, 50, 14.52 W, 2 %
2026/09/25 08:22:02.195, NVIDIA GeForce RTX 5090 Laptop GPU, 653 MiB, 24463 MiB, 50, 16.62 W, 0 %
2026/09/25 08:22:02.698, NVIDIA GeForce RTX 5090 Laptop GPU, 653 MiB, 24463 MiB, 50, 19.22 W, 1 %
2026/09/25 08:22:03.200, NVIDIA GeForce RTX 5090 Laptop GPU, 653 MiB, 24463 MiB, 50, 19.40 W, 2 %
2026/09/25 08:22:03.702, NVIDIA GeForce RTX 5090 Laptop GPU, 653 MiB, 24463 MiB, 50, 18.78 W, 0 %
2026/09/25 08:22:04.204, NVIDIA GeForce RTX 5090 Laptop GPU, 653 MiB, 24463 MiB, 50, 19.17 W, 0 %
2026/09/25 08:22:04.706, NVIDIA GeForce RTX 5090 Laptop GPU, 653 MiB, 24463 MiB, 50, 19.42 W, 1 %
2026/09/25 08:22:05.207, NVIDIA GeForce RTX 5090 Laptop GPU, 653 MiB, 24463 MiB, 50, 16.26 W, 0 %
2026/09/25 08:22:05.711, NVIDIA GeForce RTX 5090 Laptop GPU, 653 MiB, 24463 MiB, 50, 11.64 W, 2 %
2026/09/25 08:22:06.213, NVIDIA GeForce RTX 5090 Laptop GPU, 653 MiB, 24463 MiB, 50, 14.69 W, 3 %
2026/09/25 08:22:06.715, NVIDIA GeForce RTX 5090 Laptop GPU, 653 MiB, 24463 MiB, 50, 15.79 W, 0 %
2026/09/25 08:22:07.218, NVIDIA GeForce RTX 5090 Laptop GPU, 653 MiB, 24463 MiB, 50, 11.72 W, 0 %
2026/09/25 08:22:07.720, NVIDIA GeForce RTX 5090 Laptop GPU, 653 MiB, 24463 MiB, 50, 20.24 W, 1 %
2026/09/25 08:22:08.222, NVIDIA GeForce RTX 5090 Laptop GPU, 653 MiB, 24463 MiB, 50, 21.52 W, 1 %
2026/09/25 08:22:08.724, NVIDIA GeForce RTX 5090 Laptop GPU, 653 MiB, 24463 MiB, 50, 17.95 W, 0 %
2026/09/25 08:22:09.228, NVIDIA GeForce RTX 5090 Laptop GPU, 653 MiB, 24463 MiB, 50, 19.57 W, 1 %
2026/09/25 08:22:09.730, NVIDIA GeForce RTX 5090 Laptop GPU, 653 MiB, 24463 MiB, 50, 19.61 W, 1 %
2026/09/25 08:22:10.233, NVIDIA GeForce RTX 5090 Laptop GPU, 653 MiB, 24463 MiB, 50, 17.95 W, 0 %
2026/09/25 08:22:10.736, NVIDIA GeForce RTX 5090 Laptop GPU, 653 MiB, 24463 MiB, 50, 19.72 W, 1 %
2026/09/25 08:22:11.238, NVIDIA GeForce RTX 5090 Laptop GPU, 653 MiB, 24463 MiB, 50, 16.75 W, 0 %
2026/09/25 08:22:11.741, NVIDIA GeForce RTX 5090 Laptop GPU, 653 MiB, 24463 MiB, 50, 11.65 W, 1 %
2026/09/25 08:22:12.244, NVIDIA GeForce RTX 5090 Laptop GPU, 653 MiB, 24463 MiB, 50, 13.41 W, 3 %
2026/09/25 08:22:12.747, NVIDIA GeForce RTX 5090 Laptop GPU, 653 MiB, 24463 MiB, 50, 21.54 W, 0 %
2026/09/25 08:22:13.250, NVIDIA GeForce RTX 5090 Laptop GPU, 653 MiB, 24463 MiB, 50, 19.04 W, 0 %
2026/09/25 08:22:13.752, NVIDIA GeForce RTX 5090 Laptop GPU, 653 MiB, 24463 MiB, 50, 19.40 W, 1 %
2026/09/25 08:22:14.255, NVIDIA GeForce RTX 5090 Laptop GPU, 653 MiB, 24463 MiB, 50, 19.10 W, 1 %
2026/09/25 08:22:14.758, NVIDIA GeForce RTX 5090 Laptop GPU, 653 MiB, 24463 MiB, 50, 18.86 W, 0 %
2026/09/25 08:22:15.260, NVIDIA GeForce RTX 5090 Laptop GPU, 653 MiB, 24463 MiB, 50, 19.24 W, 1 %
2026/09/25 08:22:15.762, NVIDIA GeForce RTX 5090 Laptop GPU, 653 MiB, 24463 MiB, 50, 19.52 W, 1 %
2026/09/25 08:22:16.265, NVIDIA GeForce RTX 5090 Laptop GPU, 653 MiB, 24463 MiB, 50, 18.72 W, 0 %
2026/09/25 08:22:16.767, NVIDIA GeForce RTX 5090 Laptop GPU, 653 MiB, 24463 MiB, 50, 18.73 W, 0 %
2026/09/25 08:22:17.270, NVIDIA GeForce RTX 5090 Laptop GPU, 653 MiB, 24463 MiB, 50, 18.28 W, 3 %
2026/09/25 08:22:17.772, NVIDIA GeForce RTX 5090 Laptop GPU, 653 MiB, 24463 MiB, 50, 15.27 W, 3 %
2026/09/25 08:22:18.274, NVIDIA GeForce RTX 5090 Laptop GPU, 653 MiB, 24463 MiB, 50, 12.98 W, 1 %
2026/09/25 08:22:18.778, NVIDIA GeForce RTX 5090 Laptop GPU, 653 MiB, 24463 MiB, 50, 15.46 W, 1 %
2026/09/25 08:22:19.280, NVIDIA GeForce RTX 5090 Laptop GPU, 653 MiB, 24463 MiB, 50, 17.55 W, 0 %
2026/09/25 08:22:19.782, NVIDIA GeForce RTX 5090 Laptop GPU, 653 MiB, 24463 MiB, 50, 18.73 W, 0 %
2026/09/25 08:22:20.284, NVIDIA GeForce RTX 5090 Laptop GPU, 653 MiB, 24463 MiB, 50, 19.25 W, 1 %
2026/09/25 08:22:20.787, NVIDIA GeForce RTX 5090 Laptop GPU, 653 MiB, 24463 MiB, 50, 19.10 W, 1 %
2026/09/25 08:22:21.288, NVIDIA GeForce RTX 5090 Laptop GPU, 653 MiB, 24463 MiB, 50, 18.76 W, 0 %
2026/09/25 08:22:21.791, NVIDIA GeForce RTX 5090 Laptop GPU, 653 MiB, 24463 MiB, 50, 18.91 W, 1 %
2026/09/25 08:22:22.295, NVIDIA GeForce RTX 5090 Laptop GPU, 653 MiB, 24463 MiB, 50, 18.35 W, 2 %
2026/09/25 08:22:22.798, NVIDIA GeForce RTX 5090 Laptop GPU, 653 MiB, 24463 MiB, 50, 16.48 W, 0 %
2026/09/25 08:22:23.301, NVIDIA GeForce RTX 5090 Laptop GPU, 653 MiB, 24463 MiB, 50, 14.60 W, 2 %
2026/09/25 08:22:23.803, NVIDIA GeForce RTX 5090 Laptop GPU, 653 MiB, 24463 MiB, 50, 14.47 W, 3 %
2026/09/25 08:22:24.305, NVIDIA GeForce RTX 5090 Laptop GPU, 653 MiB, 24463 MiB, 50, 16.61 W, 0 %
2026/09/25 08:22:24.808, NVIDIA GeForce RTX 5090 Laptop GPU, 653 MiB, 24463 MiB, 50, 19.00 W, 0 %
2026/09/25 08:22:25.310, NVIDIA GeForce RTX 5090 Laptop GPU, 653 MiB, 24463 MiB, 50, 19.44 W, 1 %
2026/09/25 08:22:25.813, NVIDIA GeForce RTX 5090 Laptop GPU, 653 MiB, 24463 MiB, 50, 19.08 W, 1 %
2026/09/25 08:22:26.315, NVIDIA GeForce RTX 5090 Laptop GPU, 653 MiB, 24463 MiB, 50, 18.98 W, 0 %
2026/09/25 08:22:26.817, NVIDIA GeForce RTX 5090 Laptop GPU, 666 MiB, 24463 MiB, 50, 19.37 W, 2 %
2026/09/25 08:22:27.320, NVIDIA GeForce RTX 5090 Laptop GPU, 666 MiB, 24463 MiB, 50, 18.48 W, 0 %
2026/09/25 08:22:27.823, NVIDIA GeForce RTX 5090 Laptop GPU, 666 MiB, 24463 MiB, 50, 15.85 W, 0 %
2026/09/25 08:22:28.325, NVIDIA GeForce RTX 5090 Laptop GPU, 666 MiB, 24463 MiB, 50, 14.06 W, 3 %
2026/09/25 08:22:28.828, NVIDIA GeForce RTX 5090 Laptop GPU, 666 MiB, 24463 MiB, 50, 14.22 W, 5 %
2026/09/25 08:22:29.330, NVIDIA GeForce RTX 5090 Laptop GPU, 666 MiB, 24463 MiB, 50, 16.52 W, 0 %
2026/09/25 08:22:29.831, NVIDIA GeForce RTX 5090 Laptop GPU, 666 MiB, 24463 MiB, 50, 19.09 W, 1 %
2026/09/25 08:22:30.334, NVIDIA GeForce RTX 5090 Laptop GPU, 666 MiB, 24463 MiB, 50, 19.14 W, 1 %
2026/09/25 08:22:30.836, NVIDIA GeForce RTX 5090 Laptop GPU, 666 MiB, 24463 MiB, 50, 18.62 W, 0 %
2026/09/25 08:22:31.338, NVIDIA GeForce RTX 5090 Laptop GPU, 681 MiB, 24463 MiB, 50, 19.72 W, 2 %
2026/09/25 08:22:31.840, NVIDIA GeForce RTX 5090 Laptop GPU, 681 MiB, 24463 MiB, 50, 21.52 W, 2 %
2026/09/25 08:22:32.341, NVIDIA GeForce RTX 5090 Laptop GPU, 681 MiB, 24463 MiB, 50, 21.40 W, 2 %
2026/09/25 08:22:32.844, NVIDIA GeForce RTX 5090 Laptop GPU, 681 MiB, 24463 MiB, 50, 19.04 W, 1 %
2026/09/25 08:22:33.347, NVIDIA GeForce RTX 5090 Laptop GPU, 680 MiB, 24463 MiB, 50, 19.34 W, 2 %
2026/09/25 08:22:33.849, NVIDIA GeForce RTX 5090 Laptop GPU, 671 MiB, 24463 MiB, 50, 14.27 W, 3 %
2026/09/25 08:22:34.351, NVIDIA GeForce RTX 5090 Laptop GPU, 671 MiB, 24463 MiB, 50, 14.40 W, 2 %
2026/09/25 08:22:34.853, NVIDIA GeForce RTX 5090 Laptop GPU, 670 MiB, 24463 MiB, 50, 14.41 W, 3 %
2026/09/25 08:22:35.356, NVIDIA GeForce RTX 5090 Laptop GPU, 666 MiB, 24463 MiB, 50, 14.46 W, 3 %
2026/09/25 08:22:35.858, NVIDIA GeForce RTX 5090 Laptop GPU, 666 MiB, 24463 MiB, 50, 14.01 W, 1 %
2026/09/25 08:22:36.360, NVIDIA GeForce RTX 5090 Laptop GPU, 666 MiB, 24463 MiB, 50, 15.44 W, 1 %
2026/09/25 08:22:36.868, NVIDIA GeForce RTX 5090 Laptop GPU, 666 MiB, 24463 MiB, 50, 17.44 W, 0 %
2026/09/25 08:22:37.370, NVIDIA GeForce RTX 5090 Laptop GPU, 653 MiB, 24463 MiB, 50, 18.97 W, 0 %
2026/09/25 08:22:37.875, NVIDIA GeForce RTX 5090 Laptop GPU, 653 MiB, 24463 MiB, 50, 19.31 W, 1 %
2026/09/25 08:22:38.378, NVIDIA GeForce RTX 5090 Laptop GPU, 653 MiB, 24463 MiB, 50, 21.29 W, 1 %
2026/09/25 08:22:38.881, NVIDIA GeForce RTX 5090 Laptop GPU, 653 MiB, 24463 MiB, 50, 18.11 W, 0 %
2026/09/25 08:22:39.383, NVIDIA GeForce RTX 5090 Laptop GPU, 653 MiB, 24463 MiB, 50, 19.02 W, 1 %
2026/09/25 08:22:39.886, NVIDIA GeForce RTX 5090 Laptop GPU, 653 MiB, 24463 MiB, 50, 20.92 W, 1 %
2026/09/25 08:22:40.388, NVIDIA GeForce RTX 5090 Laptop GPU, 653 MiB, 24463 MiB, 50, 17.21 W, 0 %
2026/09/25 08:22:40.890, NVIDIA GeForce RTX 5090 Laptop GPU, 653 MiB, 24463 MiB, 50, 16.37 W, 4 %
2026/09/25 08:22:41.392, NVIDIA GeForce RTX 5090 Laptop GPU, 653 MiB, 24463 MiB, 50, 15.04 W, 2 %
2026/09/25 08:22:41.894, NVIDIA GeForce RTX 5090 Laptop GPU, 653 MiB, 24463 MiB, 50, 16.39 W, 0 %
2026/09/25 08:22:42.396, NVIDIA GeForce RTX 5090 Laptop GPU, 653 MiB, 24463 MiB, 50, 19.89 W, 1 %
2026/09/25 08:22:42.898, NVIDIA GeForce RTX 5090 Laptop GPU, 653 MiB, 24463 MiB, 50, 18.76 W, 0 %
2026/09/25 08:22:43.399, NVIDIA GeForce RTX 5090 Laptop GPU, 653 MiB, 24463 MiB, 50, 17.98 W, 0 %
2026/09/25 08:22:43.902, NVIDIA GeForce RTX 5090 Laptop GPU, 653 MiB, 24463 MiB, 50, 18.40 W, 1 %
2026/09/25 08:22:44.404, NVIDIA GeForce RTX 5090 Laptop GPU, 653 MiB, 24463 MiB, 50, 20.24 W, 2 %
2026/09/25 08:22:44.906, NVIDIA GeForce RTX 5090 Laptop GPU, 653 MiB, 24463 MiB, 50, 16.85 W, 0 %
2026/09/25 08:22:45.409, NVIDIA GeForce RTX 5090 Laptop GPU, 653 MiB, 24463 MiB, 50, 16.92 W, 1 %
2026/09/25 08:22:45.911, NVIDIA GeForce RTX 5090 Laptop GPU, 653 MiB, 24463 MiB, 50, 14.22 W, 3 %
2026/09/25 08:22:46.414, NVIDIA GeForce RTX 5090 Laptop GPU, 653 MiB, 24463 MiB, 50, 13.45 W, 0 %
2026/09/25 08:22:46.916, NVIDIA GeForce RTX 5090 Laptop GPU, 653 MiB, 24463 MiB, 50, 16.03 W, 1 %
2026/09/25 08:22:47.418, NVIDIA GeForce RTX 5090 Laptop GPU, 653 MiB, 24463 MiB, 50, 18.89 W, 1 %
2026/09/25 08:22:47.920, NVIDIA GeForce RTX 5090 Laptop GPU, 653 MiB, 24463 MiB, 50, 18.86 W, 0 %
2026/09/25 08:22:48.423, NVIDIA GeForce RTX 5090 Laptop GPU, 653 MiB, 24463 MiB, 50, 19.32 W, 0 %
2026/09/25 08:22:48.926, NVIDIA GeForce RTX 5090 Laptop GPU, 653 MiB, 24463 MiB, 50, 19.62 W, 2 %
2026/09/25 08:22:49.428, NVIDIA GeForce RTX 5090 Laptop GPU, 653 MiB, 24463 MiB, 50, 19.02 W, 1 %
2026/09/25 08:22:49.930, NVIDIA GeForce RTX 5090 Laptop GPU, 653 MiB, 24463 MiB, 50, 18.50 W, 0 %
2026/09/25 08:22:50.432, NVIDIA GeForce RTX 5090 Laptop GPU, 653 MiB, 24463 MiB, 50, 13.86 W, 2 %
2026/09/25 08:22:50.941, NVIDIA GeForce RTX 5090 Laptop GPU, 653 MiB, 24463 MiB, 50, 14.09 W, 0 %
2026/09/25 08:22:51.443, NVIDIA GeForce RTX 5090 Laptop GPU, 653 MiB, 24463 MiB, 50, 13.22 W, 0 %
2026/09/25 08:22:51.945, NVIDIA GeForce RTX 5090 Laptop GPU, 653 MiB, 24463 MiB, 50, 15.74 W, 1 %
2026/09/25 08:22:52.448, NVIDIA GeForce RTX 5090 Laptop GPU, 653 MiB, 24463 MiB, 50, 17.95 W, 1 %
2026/09/25 08:22:52.951, NVIDIA GeForce RTX 5090 Laptop GPU, 653 MiB, 24463 MiB, 50, 18.73 W, 0 %
2026/09/25 08:22:53.452, NVIDIA GeForce RTX 5090 Laptop GPU, 653 MiB, 24463 MiB, 50, 19.19 W, 0 %
2026/09/25 08:22:53.954, NVIDIA GeForce RTX 5090 Laptop GPU, 653 MiB, 24463 MiB, 50, 19.31 W, 1 %
2026/09/25 08:22:54.456, NVIDIA GeForce RTX 5090 Laptop GPU, 653 MiB, 24463 MiB, 50, 18.68 W, 0 %
2026/09/25 08:22:54.958, NVIDIA GeForce RTX 5090 Laptop GPU, 653 MiB, 24463 MiB, 50, 18.31 W, 1 %
2026/09/25 08:22:55.460, NVIDIA GeForce RTX 5090 Laptop GPU, 653 MiB, 24463 MiB, 50, 18.20 W, 2 %
2026/09/25 08:22:55.965, NVIDIA GeForce RTX 5090 Laptop GPU, 653 MiB, 24463 MiB, 50, 16.20 W, 3 %
2026/09/25 08:22:56.476, NVIDIA GeForce RTX 5090 Laptop GPU, 653 MiB, 24463 MiB, 50, 13.83 W, 0 %
2026/09/25 08:22:56.978, NVIDIA GeForce RTX 5090 Laptop GPU, 653 MiB, 24463 MiB, 50, 15.77 W, 1 %
2026/09/25 08:22:57.480, NVIDIA GeForce RTX 5090 Laptop GPU, 653 MiB, 24463 MiB, 50, 18.03 W, 1 %
2026/09/25 08:22:57.983, NVIDIA GeForce RTX 5090 Laptop GPU, 653 MiB, 24463 MiB, 50, 18.64 W, 0 %
2026/09/25 08:22:58.486, NVIDIA GeForce RTX 5090 Laptop GPU, 653 MiB, 24463 MiB, 50, 18.98 W, 1 %
2026/09/25 08:22:58.988, NVIDIA GeForce RTX 5090 Laptop GPU, 653 MiB, 24463 MiB, 50, 19.27 W, 2 %
2026/09/25 08:22:59.491, NVIDIA GeForce RTX 5090 Laptop GPU, 653 MiB, 24463 MiB, 50, 18.67 W, 0 %
2026/09/25 08:22:59.993, NVIDIA GeForce RTX 5090 Laptop GPU, 653 MiB, 24463 MiB, 50, 19.08 W, 0 %
2026/09/25 08:23:00.495, NVIDIA GeForce RTX 5090 Laptop GPU, 653 MiB, 24463 MiB, 50, 19.41 W, 1 %
2026/09/25 08:23:00.998, NVIDIA GeForce RTX 5090 Laptop GPU, 653 MiB, 24463 MiB, 50, 18.34 W, 1 %
2026/09/25 08:23:01.500, NVIDIA GeForce RTX 5090 Laptop GPU, 653 MiB, 24463 MiB, 50, 18.22 W, 1 %
2026/09/25 08:23:02.002, NVIDIA GeForce RTX 5090 Laptop GPU, 653 MiB, 24463 MiB, 50, 16.50 W, 3 %
2026/09/25 08:23:02.505, NVIDIA GeForce RTX 5090 Laptop GPU, 653 MiB, 24463 MiB, 50, 13.36 W, 0 %
2026/09/25 08:23:03.008, NVIDIA GeForce RTX 5090 Laptop GPU, 653 MiB, 24463 MiB, 49, 15.68 W, 1 %
2026/09/25 08:23:03.511, NVIDIA GeForce RTX 5090 Laptop GPU, 653 MiB, 24463 MiB, 50, 18.08 W, 1 %
2026/09/25 08:23:04.013, NVIDIA GeForce RTX 5090 Laptop GPU, 653 MiB, 24463 MiB, 50, 18.67 W, 0 %
2026/09/25 08:23:04.516, NVIDIA GeForce RTX 5090 Laptop GPU, 653 MiB, 24463 MiB, 50, 19.08 W, 1 %
2026/09/25 08:23:05.019, NVIDIA GeForce RTX 5090 Laptop GPU, 653 MiB, 24463 MiB, 50, 19.08 W, 2 %
2026/09/25 08:23:05.521, NVIDIA GeForce RTX 5090 Laptop GPU, 653 MiB, 24463 MiB, 50, 18.69 W, 0 %
2026/09/25 08:23:06.023, NVIDIA GeForce RTX 5090 Laptop GPU, 653 MiB, 24463 MiB, 50, 19.00 W, 0 %
2026/09/25 08:23:06.526, NVIDIA GeForce RTX 5090 Laptop GPU, 653 MiB, 24463 MiB, 50, 19.20 W, 1 %
2026/09/25 08:23:07.028, NVIDIA GeForce RTX 5090 Laptop GPU, 653 MiB, 24463 MiB, 50, 18.27 W, 0 %
2026/09/25 08:23:07.531, NVIDIA GeForce RTX 5090 Laptop GPU, 658 MiB, 24463 MiB, 50, 17.76 W, 1 %
2026/09/25 08:23:08.033, NVIDIA GeForce RTX 5090 Laptop GPU, 653 MiB, 24463 MiB, 49, 14.51 W, 3 %
2026/09/25 08:23:08.536, NVIDIA GeForce RTX 5090 Laptop GPU, 653 MiB, 24463 MiB, 50, 16.54 W, 0 %
2026/09/25 08:23:09.039, NVIDIA GeForce RTX 5090 Laptop GPU, 653 MiB, 24463 MiB, 50, 11.58 W, 0 %
2026/09/25 08:23:09.542, NVIDIA GeForce RTX 5090 Laptop GPU, 653 MiB, 24463 MiB, 49, 16.33 W, 1 %
2026/09/25 08:23:10.043, NVIDIA GeForce RTX 5090 Laptop GPU, 653 MiB, 24463 MiB, 50, 17.82 W, 1 %
2026/09/25 08:23:10.546, NVIDIA GeForce RTX 5090 Laptop GPU, 653 MiB, 24463 MiB, 50, 19.01 W, 1 %
2026/09/25 08:23:11.048, NVIDIA GeForce RTX 5090 Laptop GPU, 653 MiB, 24463 MiB, 50, 19.27 W, 1 %
2026/09/25 08:23:11.551, NVIDIA GeForce RTX 5090 Laptop GPU, 653 MiB, 24463 MiB, 50, 18.62 W, 0 %
2026/09/25 08:23:12.054, NVIDIA GeForce RTX 5090 Laptop GPU, 653 MiB, 24463 MiB, 50, 18.86 W, 0 %
2026/09/25 08:23:12.556, NVIDIA GeForce RTX 5090 Laptop GPU, 653 MiB, 24463 MiB, 50, 19.32 W, 2 %
2026/09/25 08:23:13.058, NVIDIA GeForce RTX 5090 Laptop GPU, 653 MiB, 24463 MiB, 50, 18.44 W, 1 %
2026/09/25 08:23:13.561, NVIDIA GeForce RTX 5090 Laptop GPU, 653 MiB, 24463 MiB, 50, 17.55 W, 0 %
2026/09/25 08:23:14.066, NVIDIA GeForce RTX 5090 Laptop GPU, 653 MiB, 24463 MiB, 49, 15.57 W, 2 %
2026/09/25 08:23:14.568, NVIDIA GeForce RTX 5090 Laptop GPU, 653 MiB, 24463 MiB, 49, 14.87 W, 3 %
2026/09/25 08:23:15.070, NVIDIA GeForce RTX 5090 Laptop GPU, 653 MiB, 24463 MiB, 50, 16.50 W, 0 %
2026/09/25 08:23:15.573, NVIDIA GeForce RTX 5090 Laptop GPU, 653 MiB, 24463 MiB, 50, 18.97 W, 0 %
2026/09/25 08:23:16.074, NVIDIA GeForce RTX 5090 Laptop GPU, 653 MiB, 24463 MiB, 50, 19.22 W, 1 %
2026/09/25 08:23:16.576, NVIDIA GeForce RTX 5090 Laptop GPU, 653 MiB, 24463 MiB, 50, 18.54 W, 0 %
2026/09/25 08:23:17.079, NVIDIA GeForce RTX 5090 Laptop GPU, 653 MiB, 24463 MiB, 50, 18.76 W, 1 %
2026/09/25 08:23:17.581, NVIDIA GeForce RTX 5090 Laptop GPU, 653 MiB, 24463 MiB, 50, 19.26 W, 1 %
2026/09/25 08:23:18.084, NVIDIA GeForce RTX 5090 Laptop GPU, 653 MiB, 24463 MiB, 50, 18.26 W, 0 %
2026/09/25 08:23:18.586, NVIDIA GeForce RTX 5090 Laptop GPU, 653 MiB, 24463 MiB, 49, 16.51 W, 0 %
2026/09/25 08:23:19.088, NVIDIA GeForce RTX 5090 Laptop GPU, 653 MiB, 24463 MiB, 49, 14.84 W, 4 %
2026/09/25 08:23:19.590, NVIDIA GeForce RTX 5090 Laptop GPU, 653 MiB, 24463 MiB, 49, 13.75 W, 2 %
2026/09/25 08:23:20.092, NVIDIA GeForce RTX 5090 Laptop GPU, 653 MiB, 24463 MiB, 49, 16.31 W, 0 %
2026/09/25 08:23:20.593, NVIDIA GeForce RTX 5090 Laptop GPU, 653 MiB, 24463 MiB, 49, 19.88 W, 1 %
2026/09/25 08:23:21.095, NVIDIA GeForce RTX 5090 Laptop GPU, 653 MiB, 24463 MiB, 49, 18.61 W, 1 %
2026/09/25 08:23:21.598, NVIDIA GeForce RTX 5090 Laptop GPU, 653 MiB, 24463 MiB, 50, 18.67 W, 0 %
2026/09/25 08:23:22.100, NVIDIA GeForce RTX 5090 Laptop GPU, 653 MiB, 24463 MiB, 49, 19.67 W, 1 %
2026/09/25 08:23:22.602, NVIDIA GeForce RTX 5090 Laptop GPU, 653 MiB, 24463 MiB, 49, 19.12 W, 1 %
2026/09/25 08:23:23.103, NVIDIA GeForce RTX 5090 Laptop GPU, 653 MiB, 24463 MiB, 50, 18.51 W, 1 %
2026/09/25 08:23:23.606, NVIDIA GeForce RTX 5090 Laptop GPU, 653 MiB, 24463 MiB, 49, 16.45 W, 3 %
2026/09/25 08:23:24.108, NVIDIA GeForce RTX 5090 Laptop GPU, 653 MiB, 24463 MiB, 49, 13.72 W, 0 %
2026/09/25 08:23:24.611, NVIDIA GeForce RTX 5090 Laptop GPU, 653 MiB, 24463 MiB, 49, 13.24 W, 0 %
2026/09/25 08:23:25.113, NVIDIA GeForce RTX 5090 Laptop GPU, 653 MiB, 24463 MiB, 49, 13.61 W, 4 %
2026/09/25 08:23:25.615, NVIDIA GeForce RTX 5090 Laptop GPU, 653 MiB, 24463 MiB, 49, 13.11 W, 2 %
2026/09/25 08:23:26.117, NVIDIA GeForce RTX 5090 Laptop GPU, 653 MiB, 24463 MiB, 49, 15.83 W, 0 %
2026/09/25 08:23:26.620, NVIDIA GeForce RTX 5090 Laptop GPU, 653 MiB, 24463 MiB, 49, 18.91 W, 1 %
2026/09/25 08:23:27.122, NVIDIA GeForce RTX 5090 Laptop GPU, 666 MiB, 24463 MiB, 49, 19.13 W, 0 %
2026/09/25 08:23:27.624, NVIDIA GeForce RTX 5090 Laptop GPU, 666 MiB, 24463 MiB, 49, 18.97 W, 0 %
2026/09/25 08:23:28.126, NVIDIA GeForce RTX 5090 Laptop GPU, 666 MiB, 24463 MiB, 49, 19.51 W, 1 %
2026/09/25 08:23:28.629, NVIDIA GeForce RTX 5090 Laptop GPU, 666 MiB, 24463 MiB, 49, 19.20 W, 1 %
2026/09/25 08:23:29.132, NVIDIA GeForce RTX 5090 Laptop GPU, 666 MiB, 24463 MiB, 49, 18.20 W, 0 %
2026/09/25 08:23:29.635, NVIDIA GeForce RTX 5090 Laptop GPU, 666 MiB, 24463 MiB, 49, 16.50 W, 2 %
2026/09/25 08:23:30.137, NVIDIA GeForce RTX 5090 Laptop GPU, 666 MiB, 24463 MiB, 49, 14.68 W, 4 %
2026/09/25 08:23:30.639, NVIDIA GeForce RTX 5090 Laptop GPU, 666 MiB, 24463 MiB, 49, 13.03 W, 0 %
2026/09/25 08:23:31.142, NVIDIA GeForce RTX 5090 Laptop GPU, 666 MiB, 24463 MiB, 49, 13.43 W, 2 %
2026/09/25 08:23:31.645, NVIDIA GeForce RTX 5090 Laptop GPU, 662 MiB, 24463 MiB, 49, 14.62 W, 1 %
2026/09/25 08:23:32.147, NVIDIA GeForce RTX 5090 Laptop GPU, 662 MiB, 24463 MiB, 49, 16.61 W, 0 %
2026/09/25 08:23:32.653, NVIDIA GeForce RTX 5090 Laptop GPU, 668 MiB, 24463 MiB, 49, 18.90 W, 0 %
2026/09/25 08:23:33.155, NVIDIA GeForce RTX 5090 Laptop GPU, 662 MiB, 24463 MiB, 49, 22.35 W, 1 %
2026/09/25 08:23:33.664, NVIDIA GeForce RTX 5090 Laptop GPU, 653 MiB, 24463 MiB, 49, 20.64 W, 1 %
2026/09/25 08:23:34.168, NVIDIA GeForce RTX 5090 Laptop GPU, 653 MiB, 24463 MiB, 49, 17.87 W, 0 %
2026/09/25 08:23:34.674, NVIDIA GeForce RTX 5090 Laptop GPU, 653 MiB, 24463 MiB, 49, 19.08 W, 1 %
2026/09/25 08:23:35.176, NVIDIA GeForce RTX 5090 Laptop GPU, 653 MiB, 24463 MiB, 49, 18.17 W, 3 %
2026/09/25 08:23:35.679, NVIDIA GeForce RTX 5090 Laptop GPU, 653 MiB, 24463 MiB, 49, 15.74 W, 1 %
2026/09/25 08:23:36.181, NVIDIA GeForce RTX 5090 Laptop GPU, 653 MiB, 24463 MiB, 49, 14.02 W, 2 %
2026/09/25 08:23:36.683, NVIDIA GeForce RTX 5090 Laptop GPU, 653 MiB, 24463 MiB, 49, 13.23 W, 0 %
2026/09/25 08:23:37.186, NVIDIA GeForce RTX 5090 Laptop GPU, 653 MiB, 24463 MiB, 49, 13.07 W, 0 %
2026/09/25 08:23:37.689, NVIDIA GeForce RTX 5090 Laptop GPU, 653 MiB, 24463 MiB, 49, 15.39 W, 1 %
2026/09/25 08:23:38.191, NVIDIA GeForce RTX 5090 Laptop GPU, 653 MiB, 24463 MiB, 49, 17.50 W, 1 %
2026/09/25 08:23:38.693, NVIDIA GeForce RTX 5090 Laptop GPU, 653 MiB, 24463 MiB, 49, 18.81 W, 0 %
2026/09/25 08:23:39.195, NVIDIA GeForce RTX 5090 Laptop GPU, 653 MiB, 24463 MiB, 49, 19.39 W, 1 %
2026/09/25 08:23:39.698, NVIDIA GeForce RTX 5090 Laptop GPU, 653 MiB, 24463 MiB, 49, 19.17 W, 1 %
2026/09/25 08:23:40.200, NVIDIA GeForce RTX 5090 Laptop GPU, 653 MiB, 24463 MiB, 49, 18.70 W, 0 %
2026/09/25 08:23:40.703, NVIDIA GeForce RTX 5090 Laptop GPU, 653 MiB, 24463 MiB, 49, 18.97 W, 1 %
2026/09/25 08:23:41.206, NVIDIA GeForce RTX 5090 Laptop GPU, 653 MiB, 24463 MiB, 49, 18.53 W, 3 %
2026/09/25 08:23:41.707, NVIDIA GeForce RTX 5090 Laptop GPU, 653 MiB, 24463 MiB, 49, 15.06 W, 0 %
2026/09/25 08:23:42.211, NVIDIA GeForce RTX 5090 Laptop GPU, 653 MiB, 24463 MiB, 49, 13.61 W, 1 %
2026/09/25 08:23:42.713, NVIDIA GeForce RTX 5090 Laptop GPU, 653 MiB, 24463 MiB, 49, 13.44 W, 3 %
2026/09/25 08:23:43.216, NVIDIA GeForce RTX 5090 Laptop GPU, 653 MiB, 24463 MiB, 49, 12.64 W, 0 %
2026/09/25 08:23:43.718, NVIDIA GeForce RTX 5090 Laptop GPU, 653 MiB, 24463 MiB, 49, 15.87 W, 1 %
2026/09/25 08:23:44.220, NVIDIA GeForce RTX 5090 Laptop GPU, 653 MiB, 24463 MiB, 49, 18.78 W, 1 %
2026/09/25 08:23:44.722, NVIDIA GeForce RTX 5090 Laptop GPU, 653 MiB, 24463 MiB, 49, 18.83 W, 0 %
2026/09/25 08:23:45.224, NVIDIA GeForce RTX 5090 Laptop GPU, 653 MiB, 24463 MiB, 49, 18.75 W, 0 %
2026/09/25 08:23:45.727, NVIDIA GeForce RTX 5090 Laptop GPU, 653 MiB, 24463 MiB, 49, 19.31 W, 2 %
2026/09/25 08:23:46.230, NVIDIA GeForce RTX 5090 Laptop GPU, 653 MiB, 24463 MiB, 49, 20.70 W, 1 %
2026/09/25 08:23:46.733, NVIDIA GeForce RTX 5090 Laptop GPU, 653 MiB, 24463 MiB, 49, 18.91 W, 0 %
2026/09/25 08:23:47.236, NVIDIA GeForce RTX 5090 Laptop GPU, 653 MiB, 24463 MiB, 49, 18.43 W, 2 %
2026/09/25 08:23:47.739, NVIDIA GeForce RTX 5090 Laptop GPU, 653 MiB, 24463 MiB, 49, 14.32 W, 0 %
2026/09/25 08:23:48.242, NVIDIA GeForce RTX 5090 Laptop GPU, 653 MiB, 24463 MiB, 49, 11.96 W, 0 %
2026/09/25 08:23:48.746, NVIDIA GeForce RTX 5090 Laptop GPU, 653 MiB, 24463 MiB, 49, 13.28 W, 2 %
2026/09/25 08:23:49.249, NVIDIA GeForce RTX 5090 Laptop GPU, 653 MiB, 24463 MiB, 49, 13.32 W, 3 %
2026/09/25 08:23:49.752, NVIDIA GeForce RTX 5090 Laptop GPU, 653 MiB, 24463 MiB, 49, 12.86 W, 0 %
2026/09/25 08:23:50.255, NVIDIA GeForce RTX 5090 Laptop GPU, 653 MiB, 24463 MiB, 49, 15.38 W, 0 %
2026/09/25 08:23:50.756, NVIDIA GeForce RTX 5090 Laptop GPU, 653 MiB, 24463 MiB, 49, 18.01 W, 1 %
2026/09/25 08:23:51.258, NVIDIA GeForce RTX 5090 Laptop GPU, 653 MiB, 24463 MiB, 49, 18.66 W, 0 %
2026/09/25 08:23:51.760, NVIDIA GeForce RTX 5090 Laptop GPU, 653 MiB, 24463 MiB, 49, 18.79 W, 1 %
2026/09/25 08:23:52.261, NVIDIA GeForce RTX 5090 Laptop GPU, 653 MiB, 24463 MiB, 49, 19.16 W, 1 %
2026/09/25 08:23:52.765, NVIDIA GeForce RTX 5090 Laptop GPU, 653 MiB, 24463 MiB, 49, 18.89 W, 1 %
2026/09/25 08:23:53.274, NVIDIA GeForce RTX 5090 Laptop GPU, 653 MiB, 24463 MiB, 49, 18.69 W, 0 %
2026/09/25 08:23:53.776, NVIDIA GeForce RTX 5090 Laptop GPU, 653 MiB, 24463 MiB, 49, 18.84 W, 1 %
2026/09/25 08:23:54.281, NVIDIA GeForce RTX 5090 Laptop GPU, 653 MiB, 24463 MiB, 49, 18.39 W, 2 %
2026/09/25 08:23:54.783, NVIDIA GeForce RTX 5090 Laptop GPU, 658 MiB, 24463 MiB, 49, 11.61 W, 0 %
2026/09/25 08:23:55.287, NVIDIA GeForce RTX 5090 Laptop GPU, 653 MiB, 24463 MiB, 49, 18.68 W, 1 %
2026/09/25 08:23:55.789, NVIDIA GeForce RTX 5090 Laptop GPU, 653 MiB, 24463 MiB, 49, 20.05 W, 1 %
2026/09/25 08:23:56.292, NVIDIA GeForce RTX 5090 Laptop GPU, 653 MiB, 24463 MiB, 49, 17.79 W, 0 %
2026/09/25 08:23:56.795, NVIDIA GeForce RTX 5090 Laptop GPU, 653 MiB, 24463 MiB, 49, 17.75 W, 0 %
2026/09/25 08:23:57.298, NVIDIA GeForce RTX 5090 Laptop GPU, 653 MiB, 24463 MiB, 49, 19.31 W, 1 %
2026/09/25 08:23:57.800, NVIDIA GeForce RTX 5090 Laptop GPU, 653 MiB, 24463 MiB, 49, 18.75 W, 0 %
2026/09/25 08:23:58.302, NVIDIA GeForce RTX 5090 Laptop GPU, 653 MiB, 24463 MiB, 49, 18.99 W, 1 %
2026/09/25 08:23:58.804, NVIDIA GeForce RTX 5090 Laptop GPU, 653 MiB, 24463 MiB, 49, 19.31 W, 2 %
2026/09/25 08:23:59.306, NVIDIA GeForce RTX 5090 Laptop GPU, 653 MiB, 24463 MiB, 49, 17.86 W, 0 %
2026/09/25 08:23:59.808, NVIDIA GeForce RTX 5090 Laptop GPU, 653 MiB, 24463 MiB, 49, 14.82 W, 0 %
2026/09/25 08:24:00.311, NVIDIA GeForce RTX 5090 Laptop GPU, 653 MiB, 24463 MiB, 49, 13.51 W, 3 %
2026/09/25 08:24:00.813, NVIDIA GeForce RTX 5090 Laptop GPU, 653 MiB, 24463 MiB, 49, 13.84 W, 2 %
2026/09/25 08:24:01.316, NVIDIA GeForce RTX 5090 Laptop GPU, 653 MiB, 24463 MiB, 49, 16.28 W, 0 %
2026/09/25 08:24:01.819, NVIDIA GeForce RTX 5090 Laptop GPU, 653 MiB, 24463 MiB, 49, 19.22 W, 1 %
2026/09/25 08:24:02.321, NVIDIA GeForce RTX 5090 Laptop GPU, 653 MiB, 24463 MiB, 49, 19.05 W, 1 %
2026/09/25 08:24:02.824, NVIDIA GeForce RTX 5090 Laptop GPU, 658 MiB, 24463 MiB, 49, 17.70 W, 0 %
2026/09/25 08:24:03.328, NVIDIA GeForce RTX 5090 Laptop GPU, 653 MiB, 24463 MiB, 49, 18.29 W, 1 %
2026/09/25 08:24:03.830, NVIDIA GeForce RTX 5090 Laptop GPU, 653 MiB, 24463 MiB, 49, 19.62 W, 1 %
2026/09/25 08:24:04.332, NVIDIA GeForce RTX 5090 Laptop GPU, 653 MiB, 24463 MiB, 49, 18.88 W, 0 %
2026/09/25 08:24:04.834, NVIDIA GeForce RTX 5090 Laptop GPU, 653 MiB, 24463 MiB, 49, 18.83 W, 0 %
2026/09/25 08:24:05.337, NVIDIA GeForce RTX 5090 Laptop GPU, 653 MiB, 24463 MiB, 49, 18.14 W, 2 %
2026/09/25 08:24:05.839, NVIDIA GeForce RTX 5090 Laptop GPU, 653 MiB, 24463 MiB, 49, 14.58 W, 0 %
2026/09/25 08:24:06.342, NVIDIA GeForce RTX 5090 Laptop GPU, 653 MiB, 24463 MiB, 49, 15.96 W, 1 %
2026/09/25 08:24:06.844, NVIDIA GeForce RTX 5090 Laptop GPU, 653 MiB, 24463 MiB, 49, 18.92 W, 1 %
2026/09/25 08:24:07.346, NVIDIA GeForce RTX 5090 Laptop GPU, 653 MiB, 24463 MiB, 49, 18.70 W, 0 %
2026/09/25 08:24:07.849, NVIDIA GeForce RTX 5090 Laptop GPU, 653 MiB, 24463 MiB, 49, 18.80 W, 0 %
2026/09/25 08:24:08.351, NVIDIA GeForce RTX 5090 Laptop GPU, 653 MiB, 24463 MiB, 49, 19.34 W, 2 %
2026/09/25 08:24:08.853, NVIDIA GeForce RTX 5090 Laptop GPU, 653 MiB, 24463 MiB, 49, 18.89 W, 1 %
2026/09/25 08:24:09.355, NVIDIA GeForce RTX 5090 Laptop GPU, 653 MiB, 24463 MiB, 49, 18.71 W, 0 %
